-- phpMyAdmin SQL Dump
-- version 3.5.2.2
-- http://www.phpmyadmin.net
--
-- Host: 127.0.0.1
-- Generation Time: Sep 29, 2017 at 01:26 AM
-- Server version: 5.5.27
-- PHP Version: 5.4.7

SET SQL_MODE="NO_AUTO_VALUE_ON_ZERO";
SET time_zone = "+00:00";


/*!40101 SET @OLD_CHARACTER_SET_CLIENT=@@CHARACTER_SET_CLIENT */;
/*!40101 SET @OLD_CHARACTER_SET_RESULTS=@@CHARACTER_SET_RESULTS */;
/*!40101 SET @OLD_COLLATION_CONNECTION=@@COLLATION_CONNECTION */;
/*!40101 SET NAMES utf8 */;

--
-- Database: `dbabsensi`
--

-- --------------------------------------------------------

--
-- Table structure for table `fakultas`
--

CREATE TABLE IF NOT EXISTS `fakultas` (
  `id_fak` int(2) unsigned zerofill NOT NULL AUTO_INCREMENT,
  `nama_fak` varchar(60) DEFAULT NULL,
  PRIMARY KEY (`id_fak`)
) ENGINE=InnoDB  DEFAULT CHARSET=latin1 ROW_FORMAT=COMPACT AUTO_INCREMENT=8 ;

--
-- Dumping data for table `fakultas`
--

INSERT INTO `fakultas` (`id_fak`, `nama_fak`) VALUES
(01, 'Tarbiyah'),
(02, 'Ushuluddin'),
(03, 'Syari''ah'),
(04, 'Sains dan Teknologi'),
(05, 'Humaniora'),
(06, 'Kesehatan'),
(07, 'Ekonomi dan Manajemen');

-- --------------------------------------------------------

--
-- Table structure for table `prodi`
--

CREATE TABLE IF NOT EXISTS `prodi` (
  `id_prodi` int(2) unsigned zerofill NOT NULL AUTO_INCREMENT,
  `id_fak` int(2) unsigned zerofill DEFAULT NULL,
  `nama_prodi` varchar(60) DEFAULT NULL,
  PRIMARY KEY (`id_prodi`)
) ENGINE=InnoDB  DEFAULT CHARSET=latin1 ROW_FORMAT=COMPACT AUTO_INCREMENT=19 ;

--
-- Dumping data for table `prodi`
--

INSERT INTO `prodi` (`id_prodi`, `id_fak`, `nama_prodi`) VALUES
(01, 01, 'Pendidikan Agama Islam'),
(02, 01, 'Pendidikan Bahasa Arab'),
(03, 02, 'Aqidah Filsafat Islam'),
(04, 02, 'Studi Agama - Agama'),
(05, 02, 'Ilmu Qur''an dan Tafsir'),
(06, 03, 'Perbandingan Mazhab dan Hukum'),
(07, 03, 'Hukum Ekonomi Syari''ah'),
(09, 04, 'Teknik Informatika'),
(10, 04, 'Teknologi Industri Pertanian'),
(11, 04, 'Agro Teknologi'),
(12, 05, 'Hubungan Internasional'),
(13, 05, 'Ilmu Komunikasi'),
(14, 06, 'Farmasi'),
(15, 06, 'Nutrition'),
(16, 06, 'Keselamatan dan Kesehatan Kerja'),
(17, 07, 'Ekonomi Islam'),
(18, 07, 'Manajemen Bisnis');

-- --------------------------------------------------------

--
-- Table structure for table `tbabsen`
--

CREATE TABLE IF NOT EXISTS `tbabsen` (
  `id_absen` int(3) NOT NULL AUTO_INCREMENT,
  `id_mahasiswa` int(5) NOT NULL,
  `alasan` text NOT NULL,
  `waktu_keluar` datetime NOT NULL,
  `waktu_masuk` datetime NOT NULL,
  `status` varchar(1) DEFAULT NULL,
  PRIMARY KEY (`id_absen`)
) ENGINE=InnoDB  DEFAULT CHARSET=latin1 AUTO_INCREMENT=129 ;

--
-- Dumping data for table `tbabsen`
--

INSERT INTO `tbabsen` (`id_absen`, `id_mahasiswa`, `alasan`, `waktu_keluar`, `waktu_masuk`, `status`) VALUES
(123, 322, 'Ngambil uang', '2017-08-08 12:02:40', '2017-08-08 12:06:34', '1'),
(124, 17, 'Ngambil uang', '2017-08-08 12:02:51', '2017-08-08 12:03:12', '1'),
(125, 16, 'Ngambil uang', '2017-08-08 12:03:01', '2017-08-08 18:38:56', '1'),
(126, 146, 'Ngambil uang', '2017-08-08 12:06:10', '2017-08-08 12:07:18', '1'),
(127, 322, 'Ngambil uang', '2017-08-08 12:06:58', '0000-00-00 00:00:00', '0'),
(128, 16, 'Ngambil uang', '2017-08-10 13:57:54', '0000-00-00 00:00:00', '0');

-- --------------------------------------------------------

--
-- Table structure for table `tbmahasiswa`
--

CREATE TABLE IF NOT EXISTS `tbmahasiswa` (
  `id_mahasiswa` int(5) NOT NULL AUTO_INCREMENT,
  `nim` bigint(15) NOT NULL,
  `nama` varchar(30) NOT NULL,
  `id_fak` int(2) NOT NULL DEFAULT '0',
  `id_prodi` int(2) NOT NULL DEFAULT '0',
  `kamar` varchar(10) NOT NULL,
  `alamat` text NOT NULL,
  `semester` int(2) NOT NULL DEFAULT '0',
  PRIMARY KEY (`id_mahasiswa`)
) ENGINE=InnoDB  DEFAULT CHARSET=latin1 AUTO_INCREMENT=1122 ;

--
-- Dumping data for table `tbmahasiswa`
--

INSERT INTO `tbmahasiswa` (`id_mahasiswa`, `nim`, `nama`, `id_fak`, `id_prodi`, `kamar`, `alamat`, `semester`) VALUES
(13, 372016111001, 'A. RIZA TAUFIQURROHMAN', 1, 1, '', '', 3),
(14, 372016111002, 'ABDUL LATHIF MUHAMMAD', 1, 1, '', '', 3),
(15, 372016111003, 'ABID HIFNI MUHAMMAD', 1, 1, '', '', 3),
(16, 372016111005, 'AHMAD BASHEIKH ROMADHON', 1, 1, '', '', 3),
(17, 372016111006, 'AHMAD ZAKIAN NUR FAUZAN', 1, 1, '', '', 3),
(18, 372016111007, 'AHMADA FATHURROZI RAHMATIKA', 1, 1, '', '', 3),
(19, 372016111008, 'AKHMAD RIFA''I IRHAMI', 1, 1, '', '', 3),
(20, 372016111009, 'AKSANI TAKWIM', 1, 1, '', '', 3),
(21, 372016111010, 'ALVHI SAHKRIN GUNANDAR', 1, 1, '', '', 3),
(22, 372016111011, 'ARI SUSANTO', 1, 1, '', '', 3),
(23, 372016111012, 'AZIZI DWI SYAIFURRIZQI', 1, 1, '', '', 3),
(24, 372016111013, 'BUDI  SANTOSO', 1, 1, '', '', 3),
(25, 372016111014, 'DEDI RUWANDA', 1, 1, '', '', 3),
(26, 372016111015, 'DENI ANGGRAYANI', 1, 1, '', '', 3),
(137, 372016111016, 'EKA NUR SETIADI', 1, 1, '', '', 3),
(138, 372016111017, 'ELI ELFIAN', 1, 1, '', '', 3),
(139, 372016111018, 'FAISAL HABIBIE', 1, 1, '', '', 3),
(140, 372016111020, 'HADI ADIATMA', 1, 1, '', '', 3),
(141, 372016111022, 'HARI GUSWANTORO', 1, 1, '', '', 3),
(142, 372016111023, 'HELMY YAHYA', 1, 1, '', '', 3),
(143, 372016111024, 'HENDRA SUPRIYONO', 1, 1, '', '', 3),
(144, 372016111025, 'IBNU ZEIN AJIMUDI', 1, 1, '', '', 3),
(145, 372016111026, 'KHATIBUL UMAM', 1, 1, '', '', 3),
(146, 372016111027, 'LAODE MUHAMMAD ALFATEH ARIFIN', 1, 1, '', '', 3),
(147, 372016111028, 'LAZUARDI JIHANSYAH AL AZAMI', 1, 1, '', '', 3),
(148, 372016111029, 'M. ABDU SYAKUR FADLILLAH', 1, 1, '', '', 3),
(149, 372016111030, 'M. RASYIDIL FIKRI AL HIJRI', 1, 1, '', '', 3),
(150, 372016111031, 'M.J.M.KHADAFI', 1, 1, '', '', 3),
(151, 372016111032, 'MASHABIB ADITYA RAHMAN', 1, 1, '', '', 3),
(152, 372016111034, 'MUAZZAM MUAZZARI AL-MUHTADI BI', 1, 1, '', '', 3),
(153, 372016111035, 'MUHAMAD RIZKI MURTADHO', 1, 1, '', '', 3),
(154, 372016111036, 'MUHAMMAD AHYAMA AFHAM', 1, 1, '', '', 3),
(155, 372016111037, 'MUHAMMAD ALIF ABDILA USMAN', 1, 1, '', '', 3),
(156, 372016111038, 'MUHAMMAD AMIRUL MAR’I', 1, 1, '', '', 3),
(157, 372016111039, 'MUHAMMAD ANUGRAH AL AFGHON', 1, 1, '', '', 3),
(158, 372016111040, 'MUHAMMAD AZHAR', 1, 1, '', '', 3),
(159, 372016111041, 'MUHAMMAD IKROM', 1, 1, '', '', 3),
(160, 372016111042, 'MUHAMMAD IQBAL MAULANA', 1, 1, '', '', 3),
(161, 372016111043, 'MUHAMMAD IQBAL RAMDHANI', 1, 1, '', '', 3),
(162, 372016111044, 'MUHAMMAD NUR FADHLI', 1, 1, '', '', 3),
(163, 372016111045, 'MUHAMMAD QOWAMA', 1, 1, '', '', 3),
(164, 372016111046, 'MUHAMMAD YUSUF KHOIRUDDIN', 1, 1, '', '', 3),
(165, 372016111047, 'MUHAMMAD ZAIDAN ROFAHIYAN', 1, 1, '', '', 3),
(166, 372016111048, 'MUHAMMAD ZAKI ZARKASYI', 1, 1, '', '', 3),
(167, 372016111049, 'MUSHAB HIDAYATULLAH', 1, 1, '', '', 3),
(168, 372016111050, 'NURI ROMADHON', 1, 1, '', '', 3),
(169, 372016111051, 'NURUDDIN IMAM MUTTAQIN', 1, 1, '', '', 3),
(170, 372016111052, 'NURYANSYAH RONI', 1, 1, '', '', 3),
(171, 372016111053, 'PRIYO DWI WASKITO', 1, 1, '', '', 3),
(172, 372016111055, 'RADEN RIZKY FAHRIAL AHMAD', 1, 1, '', '', 3),
(173, 372016111056, 'REZA ADITYA RAMADHANI', 1, 1, '', '', 3),
(174, 372016111057, 'RIZAL ALAWI', 1, 1, '', '', 3),
(175, 372016111058, 'RIZKI FAUZIA AHMAD', 1, 1, '', '', 3),
(176, 372016111059, 'ROBBY ANSHORI MAULADANI RAHMAT', 1, 1, '', '', 3),
(177, 372016111060, 'SANDI KURNIAWAN', 1, 1, '', '', 3),
(178, 372016111061, 'SANTOSO', 1, 1, '', '', 3),
(179, 372016111062, 'SETIONO FIRMAN NUR SIDIK', 1, 1, '', '', 3),
(180, 372016111064, 'SYAHRIL HAIDIR RAMADHAN', 1, 1, '', '', 3),
(181, 372016111065, 'SYAHRIZAL BAYU AJI', 1, 1, '', '', 3),
(182, 372016111066, 'TAUFIK ABDULLAH ATTAMIMI', 1, 1, '', '', 3),
(183, 372016111067, 'VIKRI PRAMANA PUTRA', 1, 1, '', '', 3),
(184, 372016111068, 'YUSUF MAULANA', 1, 1, '', '', 3),
(185, 372016111069, 'ZAENAL ABIDIN', 1, 1, '', '', 3),
(186, 372016111070, 'ZIADIL ULUM', 1, 1, '', '', 3),
(187, 372016111071, 'ZULFI MUBARAK', 1, 1, '', '', 3),
(188, 372016111534, 'CHANDRA SAPUTRA', 1, 1, '', '', 3),
(189, 372016121084, 'AZAM MA''RIFATULLAH', 1, 1, '', '', 3),
(190, 372016111021, 'HANIF AN-NAAFI` ELKA AHMADSYAH', 1, 1, '', '', 3),
(191, 372016111033, 'MOCHAMMAD ARIQ ALAUDDIN', 1, 1, '', '', 3),
(193, 362015110002, 'ABDILLAH AGAM', 1, 1, '', '', 5),
(194, 362015110037, 'ABDUL LATIP A.', 1, 1, '', '', 5),
(195, 362015110039, 'AHMAD BASHORI', 1, 1, '', '', 5),
(196, 362015110018, 'AHMAD QURRAISIHAB', 1, 1, '', '', 5),
(197, 362015110026, 'AKBARRUDDIN', 1, 1, '', '', 5),
(198, 362015110020, 'AKHMAD MUHAMMAD ILTIMAS TSUBUT', 1, 1, '', '', 5),
(199, 362015110015, 'ALHUMAM ABDUL MUNDZIR', 1, 1, '', '', 5),
(200, 362015110011, 'BADRU RIFAI', 1, 1, '', '', 5),
(201, 362015110041, 'DZAKI AFLAH ZAMANI', 1, 1, '', '', 5),
(202, 362015110008, 'FATA HILMAN', 1, 1, '', '', 5),
(203, 362015110031, 'FEDHYAN ZUHRI', 1, 1, '', '', 5),
(204, 362015110034, 'GATOT HANDOKO', 1, 1, '', '', 5),
(205, 362015110025, 'ILHAM RAMADHAN', 1, 1, '', '', 5),
(206, 362015110028, 'IMADUL BILADZ', 1, 1, '', '', 5),
(207, 362015110023, 'IMAM AL-MUJAHIDIN', 1, 1, '', '', 5),
(208, 362015110027, 'IRFAN WAHYU SYIFA', 1, 1, '', '', 5),
(209, 362015110009, 'JIHAN RAMADHAN', 1, 1, '', '', 5),
(210, 362015110030, 'KARIM ABDILLAH', 1, 1, '', '', 5),
(211, 362015110022, 'MOHAMMAD ANGGI HIDAYAT', 1, 1, '', '', 5),
(212, 362015110006, 'MUH TOHA ABDURRAHMAN', 1, 1, '', '', 5),
(213, 362015110005, 'MUH. BAHRUL HUSNI', 1, 1, '', '', 5),
(214, 362015110007, 'MUHAMMAD ABDUL BASIT', 1, 1, '', '', 5),
(215, 362015110014, 'MUHAMMAD SHOFHAN AMRULLAH AL-A', 1, 1, '', '', 5),
(216, 362015110012, 'MUHAMMAD ULDIE ADLA', 1, 1, '', '', 5),
(217, 362015110003, 'MUKTI TRI ATMAJA', 1, 1, '', '', 5),
(218, 362015110040, 'PUETRA SANTOSO', 1, 1, '', '', 5),
(219, 362015110004, 'RAHMAT YULIANSYAH', 1, 1, '', '', 5),
(220, 362015110563, 'RASULUDIN', 1, 1, '', '', 5),
(221, 362015110032, 'RIZKY TRI KURNIAWAN', 1, 1, '', '', 5),
(222, 362015110019, 'RUJU HANAFI', 1, 1, '', '', 5),
(223, 362015110036, 'SHOFWAN AL MUZANI', 1, 1, '', '', 5),
(224, 362015110029, 'SYAMSUL AIMAH', 1, 1, '', '', 5),
(225, 362015110224, 'YUDHA ROUF', 1, 1, '', '', 5),
(226, 362015110013, 'Alamsyah', 1, 1, '', '', 5),
(238, 352014110021, 'AHMAD ZULFI AALI DAWWAS', 1, 1, '', '', 7),
(239, 352014110012, 'MUHAMAD FAHRUR ROSIDIN', 1, 1, '', '', 7),
(240, 352014110006, 'MUHAMMAD ABDUL AZIZ NIAM', 1, 1, '', '', 7),
(241, 352014110022, 'MUHAMMAD HAMDANI', 1, 1, '', '', 7),
(242, 352014110003, 'MUHAMMAD ILHAM HANDIKA', 1, 1, '', '', 7),
(243, 352014110017, 'MUHAMMAD MUFID', 1, 1, '', '', 7),
(244, 352014110009, 'TAUFIK FAUZAN', 1, 1, '', '', 7),
(245, 352014110025, 'TRIWIBOWO', 1, 1, '', '', 7),
(246, 352014110040, 'ZIYAD AHMAD ZARKASYI', 1, 1, '', '', 7),
(247, 341110993, 'MUNAWWIR SYADZALI', 1, 1, '', '', 7),
(248, 341110994, 'ABD KHOLIQ FAJDUANI AZZIKRI', 1, 1, '', '', 9),
(249, 341110991, 'AHMAD MUFLIHUDDIN', 1, 1, '', '', 9),
(250, 341110989, 'AUJI SAHBUDI', 1, 1, '', '', 9),
(251, 341110992, 'FAUZAN AKMAL FIRDAUS', 1, 1, '', '', 9),
(252, 341110969, 'FUSUSUL KHAIR', 1, 1, '', '', 9),
(253, 341111093, 'HANIF MUBAROK', 1, 1, '', '', 9),
(254, 341111103, 'JOJOG MASRURI', 1, 1, '', '', 9),
(255, 341110987, 'M. ALMUN BAITS', 1, 1, '', '', 9),
(256, 341110968, 'M. YUSUF MUSTAQIM', 1, 1, '', '', 9),
(257, 341111024, 'MUHAMMAD AMIRUDDIN DARDIRI', 1, 1, '', '', 9),
(258, 341111091, 'MUHAMMAD IQBAL FARIS', 1, 1, '', '', 9),
(259, 331110029, 'MUHAMMAD NUR ''AZIZ HAFIDHI', 1, 1, '', '', 9),
(260, 341110980, 'REZA HASBULLAH RUMBAROA', 1, 1, '', '', 9),
(261, 341111070, 'ZAKY AKBAR HAFIDUDDIN', 1, 1, '', '', 9),
(262, 372016611495, 'AHMAD AFIF', 4, 9, '', '', 3),
(263, 372016611496, 'AHMAD MAFATIHUN NIAM', 4, 9, '', '', 3),
(264, 372016611497, 'ALIMUL HAKIM', 4, 9, '', '', 3),
(265, 372016611498, 'ANDI BADRUN ABDULLAH ISMAIL', 4, 9, '', '', 3),
(266, 372016611499, 'ARMANDA DIMAS SAPUTRA', 4, 9, '', '', 3),
(267, 372016611500, 'ARRY MUHAMMAD', 4, 9, '', '', 3),
(268, 372016611501, 'AZIS ISROFI', 4, 9, '', '', 3),
(269, 372016611502, 'BADRUS SHOLEH', 4, 9, '', '', 3),
(270, 372016611503, 'BIMA MAHENDRA', 4, 9, '', '', 3),
(271, 372016611504, 'DANARIA KHOIRUL ANAM', 4, 9, '', '', 3),
(272, 372016611505, 'DIMAS ALFIANTO', 4, 9, '', '', 3),
(273, 372016611506, 'FAISAL ADITIYA', 4, 9, '', '', 3),
(274, 372016611507, 'FARIZ MULTAZAM', 4, 9, '', '', 3),
(275, 372016611508, 'FATHIN MUHAMMAD WASMANSON', 4, 9, '', '', 3),
(276, 372016611509, 'FEBRI VICKY ALLEN', 4, 9, '', '', 3),
(277, 372016611510, 'FELDI HEKMATYAR', 4, 9, '', '', 3),
(278, 372016611511, 'FIKKY APRICO', 4, 9, '', '', 3),
(279, 372016611512, 'FIKRI KHAIRUL FAJERI', 4, 9, '', '', 3),
(280, 372016611513, 'FUAD YUSUF', 4, 9, '', '', 3),
(281, 372016611514, 'HAFIZ NUR RAHMAN', 4, 9, '', '', 3),
(282, 372016611515, 'HISNU AL-MUJAHIDIN', 4, 9, '', '', 3),
(283, 372016611516, 'INQI AZHAR AZIZ BASYARUDDIN', 4, 9, '', '', 3),
(284, 372016611517, 'LA ODE MUHAMMAD ZUL FIKAR', 4, 9, '', '', 3),
(285, 372016611518, 'MUHAMMAD ARSYAD MAULANA', 4, 9, '', '', 3),
(286, 372016611519, 'MUHAMMAD CAESAR BIMA ARISDANA', 4, 9, '', '', 3),
(287, 372016611520, 'MUHAMMAD FAHMI ALKATIRI', 4, 9, '', '', 3),
(288, 372016611521, 'MUHAMMAD FAKHRUZZAINI', 4, 9, '', '', 3),
(289, 372016611522, 'MUHAMMAD FARID MIFTAHUL FALAH', 4, 9, '', '', 3),
(290, 372016611523, 'MUHAMMAD FAZRIN TAMMY', 4, 9, '', '', 3),
(291, 372016611524, 'MUHAMMAD ILHAM CAHYADI PRATAMA', 4, 9, '', '', 3),
(292, 372016611525, 'MUHAMMAD KHOIRURROSYID', 4, 9, '', '', 3),
(293, 372016611526, 'MUHAMMAD NAUFAL', 4, 9, '', '', 3),
(294, 372016611527, 'MUHAMMAD NUR ALFARIDZI', 4, 9, '', '', 3),
(295, 372016111533, 'MUHAMMAD NUR FAUZI', 4, 9, '', '', 3),
(296, 372016611528, 'MUHAMMAD ROZAQ NUR RADITYA', 4, 9, '', '', 3),
(297, 372016611529, 'MUHAMMAD SIRAJUDDIN MUMTAZ DZA', 4, 9, '', '', 3),
(298, 372016611530, 'MUHAMMAD SRI ELDI UTOMO', 4, 9, '', '', 3),
(299, 372016611531, 'NUR HIDAYAT', 4, 9, '', '', 3),
(300, 372016611532, 'RAMY ASSHIDIQ JUMADIL AKHIR', 4, 9, '', '', 3),
(301, 372016611533, 'REYHAN NAFIS IBRAHIM', 4, 9, '', '', 3),
(302, 372016611534, 'RIZQI DINO TRIYATMOKO', 4, 9, '', '', 3),
(303, 372016611535, 'RYAN AKHBAR HARIS', 4, 9, '', '', 3),
(304, 372016611536, 'RYANDINARTA', 4, 9, '', '', 3),
(305, 372016611538, 'TAUFIQ SUKMA AJI FITRIAN', 4, 9, '', '', 3),
(306, 372016611540, 'YUSTA ABRORRI', 4, 9, '', '', 3),
(307, 362015611015, 'ABDUL HALIM BAIHAQI', 4, 9, '', '', 5),
(308, 362015611012, 'ACHMAD FAIZ MUKHLAS', 4, 9, '', '', 5),
(309, 362015611042, 'ADY FAUZAN', 4, 9, '', '', 5),
(310, 362015610133, 'AHMAD FAUZAN ', 4, 9, '', '', 5),
(311, 362015611026, 'ENGGAL PRAYOGI', 4, 9, '', '', 5),
(312, 362015611041, 'IMRON ROSYADI', 4, 9, '', '', 5),
(313, 362015611018, 'M AKBAR AL-GHIFARI', 4, 9, '', '', 5),
(314, 362015611013, 'M SYAKIR ARIF', 4, 9, '', '', 5),
(315, 362015611027, 'MUHAMAD NURADI ARRAHMANTORO', 4, 9, '', '', 5),
(316, 362015611045, 'MUHAMMAD FIRDAUS', 4, 9, '', '', 5),
(317, 362015611040, 'MUHAMMAD IBRAHIM', 4, 9, '', '', 5),
(318, 362015611010, 'MUHAMMAD NURRIZKY EKAPUTRA', 4, 9, '', '', 5),
(319, 362015611033, 'MUKHLAS MUNIF AHSANI', 4, 9, '', '', 5),
(320, 362015611011, 'NAUFAL FIKRI AL HAZMI', 4, 9, '', '', 5),
(321, 352014610033, 'NUGRAHA UTAMA PRAKASA ', 4, 9, '', '', 5),
(322, 362015611036, 'REZA KURNIA', 4, 9, '', '', 5),
(323, 362015610575, 'SUFRIYADI', 4, 9, '', '', 5),
(324, 362015611039, 'WILDAN PUTRA PAMUNGKAS', 4, 9, '', '', 7),
(325, 352014610851, 'ABDUL JALIL ROZAQI', 4, 9, '', '', 7),
(326, 352014610858, 'AFIEF SURYANA FARABI', 4, 9, '', '', 7),
(327, 352014610870, 'ALFIAN MUKHDLOR ANWARI', 4, 9, '', '', 7),
(328, 352014610859, 'EKO PRASETIO WIDHI', 4, 9, '', '', 7),
(329, 352014610856, 'FUAD ZEIN', 4, 9, '', '', 7),
(330, 352014611119, 'HERIANSAH FEBIANTO', 4, 9, '', '', 7),
(331, 352014610853, 'HISYAM ATHAYA', 4, 9, '', '', 7),
(332, 352014610852, 'ILYASA AZMI', 4, 9, '', '', 7),
(333, 352014610845, 'IWAN HIDAYAT', 4, 9, '', '', 7),
(334, 352014610855, 'LUTFI AHMAD', 4, 9, '', '', 7),
(335, 352014610863, 'LUTHFI AMMAR', 4, 9, '', '', 7),
(336, 352014610861, 'MOCHAMAD ALFI SYAHRIN', 4, 9, '', '', 7),
(337, 352014610847, 'MUH. RUSYDYANTO Y.', 4, 9, '', '', 7),
(338, 352014610846, 'MUHAMMAD DEDY SETIAWAN', 4, 9, '', '', 7),
(339, 352014610860, 'MUHAMMAD LAJUWARDI NUGRAHA', 4, 9, '', '', 7),
(340, 352014610850, 'MUHAMMAD MAHFUZ', 4, 9, '', '', 7),
(341, 352014611080, 'MUHAMMAD RIJAL YAHYA', 4, 9, '', '', 7),
(342, 352014610849, 'WIDYA KURNIAWAN', 4, 9, '', '', 7),
(343, 352014610857, 'ZAENURY ADHIIM MUSYAFA''', 4, 9, '', '', 7),
(344, 372016621541, 'ACHMAD FATHONY', 4, 10, '', '', 3),
(345, 372016621542, 'ACHMAD SUBHAN LUTFI FAJARI', 4, 10, '', '', 3),
(346, 372016621543, 'ADAM VIRGI', 4, 10, '', '', 3),
(347, 372016621544, 'ADIN RUSADY DIANTAMA', 4, 10, '', '', 3),
(348, 372016621545, 'AHMAD BAIQUNI FARIZ AZKA', 4, 10, '', '', 3),
(349, 372016621546, 'BAYU IRAWAN', 4, 10, '', '', 3),
(350, 372016621548, 'EKO APRILIANTO', 4, 10, '', '', 3),
(351, 372016621549, 'FAUZAN MUFID MURTADLO', 4, 10, '', '', 3),
(352, 372016621550, 'GALIH MUHAMMAD ISMOYO', 4, 10, '', '', 3),
(353, 372016621551, 'IMAM MUSTHOFA', 4, 10, '', '', 3),
(354, 372016621552, 'LUTTHFY AHYAR DLIMUNTHE', 4, 10, '', '', 3),
(355, 372016621553, 'M. THARIQ SANTRIADI', 4, 10, '', '', 3),
(356, 372016621554, 'MUHAMAD AMARULLAH BIN HARUN', 4, 10, '', '', 3),
(357, 372016621555, 'MUHAMMAD ARIF BIN MOHD YASIN', 4, 10, '', '', 3),
(358, 372016621556, 'MUHAMMAD NUR MAULANA MUSAKIR', 4, 10, '', '', 3),
(359, 372016621557, 'MUHAMMAD RIDWAN', 4, 10, '', '', 3),
(360, 372016621558, 'MUHAMMAD RIZA ABRORI', 4, 10, '', '', 3),
(361, 372016621559, 'MUHAMMAD SOLEH AFIF AZIMA', 4, 10, '', '', 3),
(362, 372016621560, 'MUHAMMAD WHISNU', 4, 10, '', '', 3),
(363, 372016621561, 'ORDE LEO AL FATHUR', 4, 10, '', '', 3),
(364, 372016621562, 'SENA FADJAR ROCHMAN', 4, 10, '', '', 3),
(365, 372016621563, 'SONAFI CATUR GANI', 4, 10, '', '', 3),
(366, 372016621565, 'ZIKI PAMUNGKAS', 4, 10, '', '', 3),
(367, 372016621566, 'ZULIFAN AFIF ABDUL FATAH', 4, 10, '', '', 3),
(369, 362015621046, 'AHMAD ALWY MUBAROK', 4, 10, '', '', 5),
(370, 362015621056, 'AHMAT MUZAENI ARIF EFENDI', 4, 10, '', '', 5),
(371, 362015621048, 'M. SALIKUDIN', 4, 10, '', '', 5),
(372, 362015621054, 'MUSLIM', 4, 10, '', '', 5),
(373, 362015621055, 'SAIYID WAHYUDIN', 4, 10, '', '', 5),
(374, 362015621057, 'YUSUF WAHYU SAPUTRA', 4, 10, '', '', 5),
(375, 352014620874, 'AHMAD FITYAN RAMADHAN', 4, 10, '', '', 7),
(376, 352014620892, 'AKBAR PANGAYOMAN', 4, 10, '', '', 7),
(377, 352014620881, 'ANWA WAEHAMA', 4, 10, '', '', 7),
(378, 352014620890, 'BAGAS AJI GHONI RAMADIANSYAH', 4, 10, '', '', 7),
(379, 352014621068, 'FIRMAN DITA ADITAMA', 4, 10, '', '', 7),
(380, 352014620894, 'MOCH HISYAM FARCHAN ARIFIN', 4, 10, '', '', 7),
(381, 352014620879, 'MOHAMMAD HASYIM', 4, 10, '', '', 7),
(382, 352014620877, 'MUHAMAD NUR MUSTAKIM', 4, 10, '', '', 7),
(383, 352014621069, 'SYARIEF AMRULLAH', 4, 10, '', '', 7),
(384, 372016631567, 'AHMAD RIDWAN BAHARUDIN', 4, 11, '', '', 3),
(385, 372016631568, 'ALI AKBAR VHELAYATI', 4, 11, '', '', 3),
(386, 372016631569, 'AMIN SHIDIQ', 4, 11, '', '', 3),
(387, 372016631570, 'AMRAN BUSRON', 4, 11, '', '', 3),
(388, 372016631571, 'ANDI AZWAR', 4, 11, '', '', 3),
(389, 372016631572, 'ARIP SUDEWO', 4, 11, '', '', 3),
(390, 372016631573, 'ARIS ANGGARA', 4, 11, '', '', 3),
(391, 372016631574, 'DIMAS SAPUTRA MIFTAKHUL HUDA', 4, 11, '', '', 3),
(392, 372016631575, 'FAIZAL APRILLIAN', 4, 11, '', '', 3),
(393, 372016631576, 'IMAN ROHIM', 4, 11, '', '', 3),
(394, 372016631577, 'MUHAMAD FAJAR FAUZI', 4, 11, '', '', 3),
(395, 372016631578, 'MUHAMAD FARIQUL ALIFUDIN', 4, 11, '', '', 3),
(396, 372016631579, 'MUHAMAD IQBAL MUNIR', 4, 11, '', '', 3),
(397, 372016631580, 'MUHAMMAD FARHAN NUZUL QADRI WA', 4, 11, '', '', 3),
(398, 372016631581, 'MUHAMMAD NUR ADNAN', 4, 11, '', '', 3),
(399, 372016631582, 'MUHAMMAD RIZQI CAHYADI', 4, 11, '', '', 3),
(400, 372016631583, 'MUHAMMAD YUDA NAMURI', 4, 11, '', '', 3),
(401, 372016631584, 'NAUVAL AZMI', 4, 11, '', '', 3),
(402, 372016631585, 'RISALDI CANDRA ANJASSYAFARA', 4, 11, '', '', 3),
(403, 372016631586, 'SATRIO AGUNG SUBEKTI', 4, 11, '', '', 3),
(404, 372016631587, 'SHOLAHUDDIN TUMANGGOR', 4, 11, '', '', 3),
(405, 372016631588, 'SOFIANDI DWI INDRA KURNIAWAN', 4, 11, '', '', 3),
(406, 372016631589, 'SYAHRUL MUBAROK', 4, 11, '', '', 3),
(407, 372016631590, 'TOPAN ADI PONDRA', 4, 11, '', '', 3),
(408, 372016631591, 'VONDA BIMANTARA', 4, 11, '', '', 3),
(409, 372016631592, 'YOGI RESKY AKHBAR', 4, 11, '', '', 3),
(410, 372016631593, 'YUSUF OKTA INDRA LEKSONO', 4, 11, '', '', 3),
(411, 362015631083, 'ARIF ARIWIBOWO', 4, 11, '', '', 5),
(412, 362015631085, 'BONANG ASMORO SANTO', 4, 11, '', '', 5),
(413, 362015631081, 'M. ALFIAN NUR ZAIN', 4, 11, '', '', 5),
(414, 362015631082, 'RIDWAN HIDAYAT', 4, 11, '', '', 7),
(416, 352014630903, 'AHMAD DIO FAJRI', 4, 11, '', '', 7),
(417, 352014630905, 'AHMAD HUSAINI', 4, 11, '', '', 7),
(418, 352014630898, 'ANDI AHMAD ABDUL AZIS', 4, 11, '', '', 7),
(419, 352014630906, 'IHSAN RAMADHAN', 4, 11, '', '', 7),
(420, 352014630912, 'IQBAL MAULANA MUSTOFA', 4, 11, '', '', 7),
(421, 352014630907, 'KHOLQIN JADID', 4, 11, '', '', 7),
(422, 352014631087, 'MHD. TRI SETYO AGUNG PERMONO', 4, 11, '', '', 7),
(423, 352014630917, 'MUHAMAD MALIK', 4, 11, '', '', 7),
(424, 352014630916, 'RIZKYKA NUR ROHMAN', 4, 11, '', '', 7),
(425, 372016731595, 'ACHMAD HASANUDIN', 6, 16, '', '', 3),
(426, 372016731596, 'ACHMAD JAINURI', 6, 16, '', '', 3),
(427, 372016731597, 'AFDOL   PHADUNG', 6, 16, '', '', 3),
(428, 372016731599, 'ALFITRA MIKOLA RIZQI', 6, 16, '', '', 3),
(429, 372016731601, 'BAGUS FAJAR WIBISONO', 6, 16, '', '', 3),
(430, 372016731602, 'EGA NOR WIDIARTO', 6, 16, '', '', 3),
(431, 372016731604, 'FIKRY RIZKY DARMAWAN', 6, 16, '', '', 3),
(432, 372016731605, 'GIAN ASTAGOTSAH', 6, 16, '', '', 3),
(433, 372016731607, 'IDZHAR QOLBY FATICHIN', 6, 16, '', '', 3),
(434, 372016731608, 'IHSAN AMRI ALHAKIM', 6, 16, '', '', 3),
(435, 372016731609, 'IKLILUL FAIZ', 6, 16, '', '', 3),
(436, 372016731610, 'IRFAN IMAM SUFRIADI', 6, 16, '', '', 3),
(437, 372016731611, 'JIED GIGIN PENTA QUNAIFI', 6, 16, '', '', 3),
(438, 372016731613, 'M. SURYA WAHYU NUGROHO', 6, 16, '', '', 3),
(439, 372016731614, 'MOHAMMAD NUR ALFIAN', 6, 16, '', '', 3),
(440, 372016731616, 'MUHAMMAD IBNU ASHARI', 6, 16, '', '', 3),
(441, 372016731617, 'MUHAMMAD NAQUIB RIZA BIN MOHD ', 6, 16, '', '', 3),
(442, 372016731618, 'MUHAMMAD RIDHO IHSANI', 6, 16, '', '', 3),
(443, 372016731619, 'MUHAMMAD YAZID LABIB', 6, 16, '', '', 3),
(444, 372016731620, 'NUR EKO PRASETYO', 6, 16, '', '', 3),
(445, 372016731621, 'RAMADAN SAPUTRA', 6, 16, '', '', 3),
(446, 372016731623, 'SELAMET UJANG IRAWAN', 6, 16, '', '', 3),
(447, 362015731196, 'DIKRI AMRULLOH', 6, 16, '', '', 3),
(448, 362015731198, 'AHMAD HENDRIANSYAH', 6, 16, '', '', 5),
(449, 362015731200, 'ARIO RAMADHAN', 6, 16, '', '', 5),
(450, 362015731194, 'FADLI MUDZTAHIDIN', 6, 16, '', '', 5),
(451, 362015731220, 'LUTHFI EFENDI YUSUF', 6, 16, '', '', 5),
(452, 362015731206, 'MAULANA YAKUB', 6, 16, '', '', 5),
(453, 362015731224, 'MUHAMMAD IQBAL FATHONI', 6, 16, '', '', 5),
(454, 362015731197, 'PANDU KHUSYAIN ERWANSYAH', 6, 16, '', '', 5),
(455, 352014730922, 'ABDAN MAJID', 6, 16, '', '', 7),
(456, 352014730928, 'ELNANDA BINTORO ALLAZIB', 6, 16, '', '', 7),
(457, 352014730930, 'MUHAMMAD AZEL PUTRA SUNDA DIWA', 6, 16, '', '', 7),
(458, 352014730947, 'MUHAMMAD ZAKWAN HAMDANI', 6, 16, '', '', 7),
(459, 352014730932, 'MUSTAFAL KAMAL', 6, 16, '', '', 7),
(461, 372016121075, 'ACHMAD WILDAN AFIF', 1, 2, '', '', 3),
(462, 372016121076, 'AHMAD HABIBI ZAINDA', 1, 2, '', '', 3),
(463, 372016121077, 'AHMAD NAILUL FADLI', 1, 2, '', '', 3),
(464, 372016121078, 'AHMAD WAFI BIN M. HAIROL KAMAL', 1, 2, '', '', 3),
(465, 372016121079, 'AKRAB AKBAR ASIKIN', 1, 2, '', '', 3),
(466, 372016121080, 'AMIRUDDIN BIN ABDUL HALIM', 1, 2, '', '', 3),
(467, 372016121081, 'ANSHARI AL GHIFANI', 1, 2, '', '', 3),
(468, 372016121082, 'ARIS ILHAM PRATAMA', 1, 2, '', '', 3),
(469, 372016121083, 'ARTA HARTONO DAKA', 1, 2, '', '', 3),
(470, 372016121085, 'AZIZ MUHAMMAD', 1, 2, '', '', 3),
(471, 372016121086, 'BAHRUDIN FAHMI', 1, 2, '', '', 3),
(472, 372016121087, 'CEPY DWI MUSTHOPA', 1, 2, '', '', 3),
(473, 372016121088, 'FAJAR MAULANA', 1, 2, '', '', 3),
(474, 372016121089, 'FATWA AHMAD SIRADZ AL-GHIFARI', 1, 2, '', '', 3),
(475, 372016121090, 'FIQIH ABDUL HAKIM SYAM', 1, 2, '', '', 3),
(476, 372016121091, 'HABIBIA ADAMA', 1, 2, '', '', 3),
(477, 372016121092, 'HAKIM SYUKRI AL HAMDA', 1, 2, '', '', 3),
(478, 372016121093, 'HUSNI MARDIAN', 1, 2, '', '', 3),
(479, 372016121094, 'IHSANUDIN ASYAFII', 1, 2, '', '', 3),
(480, 372016121095, 'ILHAM SALMAN ALAWY', 1, 2, '', '', 3),
(481, 372016121096, 'JULISAL FARAH', 1, 2, '', '', 3),
(482, 372016121097, 'JUWENI', 1, 2, '', '', 3),
(483, 372016121098, 'KHUSNUN YUDY ALFIAN', 1, 2, '', '', 3),
(484, 372016121100, 'MIFTAH TORIQUL IKHWANI', 1, 2, '', '', 3),
(485, 372016121101, 'MOCH ROFIKI ALFIRDAUS', 1, 2, '', '', 3),
(486, 372016121102, 'MUAZ BIN TUAH', 1, 2, '', '', 3),
(487, 372016121104, 'MUHAMMAD FATKHUL MUIN', 1, 2, '', '', 3),
(488, 372016121105, 'MUHAMMAD FAUZAN AZIZMI', 1, 2, '', '', 3),
(489, 372016121106, 'MUHAMMAD FAUZAN FIRDAUS', 1, 2, '', '', 3),
(490, 372016121107, 'MUHAMMAD KHAIRUMAN WAHHADA', 1, 2, '', '', 3),
(491, 372016121108, 'MUHAMMAD SILAHUDDIN Z.F.', 1, 2, '', '', 3),
(492, 372016121109, 'MUHAMMAD SYAUGI SALOOM', 1, 2, '', '', 3),
(493, 372016121110, 'MUHAMMAD SYUKRON BAIHAQI', 1, 2, '', '', 3),
(494, 372016121111, 'MUKTI NUR ATMOJO', 1, 2, '', '', 3),
(495, 372016121112, 'NURUSYAMSI UBAEDILLAH', 1, 2, '', '', 3),
(496, 372016121113, 'RAHMAD ARIF SETIAWAN', 1, 2, '', '', 3),
(497, 372016121114, 'RAHMAN ABDI JAYA', 1, 2, '', '', 3),
(498, 372016121115, 'ROBIIKHSAN', 1, 2, '', '', 3),
(499, 372016121116, 'WAHYU MAULANA', 1, 2, '', '', 3),
(500, 372016121117, 'ZAKI AHMAD FARID', 1, 2, '', '', 3),
(501, 362015120104, 'AHMAD ARIO SHOFIAN', 1, 2, '', '', 5),
(502, 362015120105, 'ERIK SUPRAYOGI', 1, 2, '', '', 5),
(503, 362015120130, 'FARIZ MIRZA', 1, 2, '', '', 5),
(504, 362015120941, 'FIRMAN DUTA WIBAWA', 1, 2, '', '', 5),
(505, 362015120099, 'GALANG REFORMASI AL AMIEN', 1, 2, '', '', 5),
(506, 362015120115, 'HARISMAN H', 1, 2, '', '', 5),
(507, 362015120116, 'HERMAN', 1, 2, '', '', 5),
(508, 362015120110, 'IBNU FADHIL HIDAYAT', 1, 2, '', '', 5),
(509, 362015120106, 'IBNU FITRIANTO', 1, 2, '', '', 5),
(510, 362015120123, 'MAHFUD ALIZAR', 1, 2, '', '', 5),
(511, 362015120125, 'MASRURI MUGHNI', 1, 2, '', '', 5),
(512, 362015120122, 'MAULANA ASHARI', 1, 2, '', '', 5),
(513, 362015120143, 'MUHAMMAD FAHMI HIDAYAT', 1, 2, '', '', 5),
(514, 362015120121, 'MUHAMMAD NOOR', 1, 2, '', '', 5),
(515, 362015120100, 'RICKY WIRAKANDA', 1, 2, '', '', 5),
(516, 362015120103, 'RIZA ROMAND ABDALLA', 1, 2, '', '', 5),
(517, 362015120114, 'SUBLIANSYAH', 1, 2, '', '', 5),
(518, 362015120102, 'SYARIFUDDIN ASHSHIDDIEQY', 1, 2, '', '', 5),
(519, 362015120321, 'RIZA HAMID ROHMADANI', 1, 2, '', '', 5),
(520, 352014121123, 'AAN KURNIANTO', 1, 2, '', '', 7),
(521, 352014121101, 'ACHMAD MUKTI BAIQUNI', 1, 2, '', '', 7),
(522, 352014120101, 'AHMAD AMIRUL AKRAM BIN MUDA', 1, 2, '', '', 7),
(523, 352014120100, 'ANHAR', 1, 2, '', '', 7),
(524, 352014120358, 'ARIF CHASANUL MUNA', 1, 2, '', '', 7),
(525, 352014120104, 'BOBY GHUFRON', 1, 2, '', '', 7),
(526, 352014120096, 'HAIRUL AMRI', 1, 2, '', '', 7),
(527, 352014120087, 'MAGHFIROH', 1, 2, '', '', 7),
(528, 352014120099, 'MOH. FAIRUS SHOLEH', 1, 2, '', '', 7),
(529, 352014120841, 'MUHAMMAD FADHLAN', 1, 2, '', '', 7),
(530, 352014120076, 'MUHAMMAD RIZAL SHOLAHUDDIN', 1, 2, '', '', 7),
(531, 352014120089, 'NASIKHUL ULUM', 1, 2, '', '', 7),
(532, 352014120092, 'WAHID BUDI SETIAWAN', 1, 2, '', '', 7),
(533, 341211026, 'ARFAN KHOIRUN HALIM', 1, 2, '', '', 9),
(534, 341211028, 'AZHAR NOOR', 1, 2, '', '', 9),
(535, 341211006, 'M NASHIRUDDIN AL-KHOLIDY', 1, 2, '', '', 9),
(536, 341211023, 'MALIKUS SALEH', 1, 2, '', '', 9),
(537, 341210996, 'MIKAEL MARASABESSY', 1, 2, '', '', 9),
(538, 341211831, 'MISBAHUL MUNIR', 1, 2, '', '', 9),
(539, 341211027, 'RISQI ALBANA MAHMUD', 1, 2, '', '', 9),
(540, 341211098, 'ROBBI SIDIQ', 1, 2, '', '', 9),
(541, 341210972, 'SAIFURRIJAL', 1, 2, '', '', 9),
(542, 372016211118, 'ADITYA ALIF UTAMA', 2, 4, '', '', 3),
(543, 372016211119, 'AGUS WYRATAMA', 2, 4, '', '', 3),
(544, 372016211120, 'ANDI MUHAMMAD HAMAS AKBAR', 2, 4, '', '', 3),
(545, 372016211121, 'ANJAS BAIK PUTRA', 2, 4, '', '', 3),
(546, 372016211124, 'AZZAMUL AZHAR', 2, 4, '', '', 3),
(547, 372016211125, 'BRAM WIRA ANTONI', 2, 4, '', '', 3),
(548, 372016211126, 'FAIZ BADRUDDIN', 2, 4, '', '', 3),
(549, 372016211127, 'HILMAN ABDILLAH PUTRA', 2, 4, '', '', 3),
(550, 372016211128, 'IDHAM KHOLID RAHMATULLAH', 2, 4, '', '', 3),
(551, 372016211129, 'ILYASA ALVIN ABDI', 2, 4, '', '', 3),
(552, 372016211130, 'IMAM ALIF HIDAYAT', 2, 4, '', '', 3),
(553, 372016211131, 'IZZUL ISLAM BIN ZOHAN', 2, 4, '', '', 3),
(554, 372016211132, 'LUTHFI TAQIUDDIN', 2, 4, '', '', 3),
(555, 372016211134, 'MUHAMMAD IMRON SHOLLAHUDDIN', 2, 4, '', '', 3),
(556, 372016211135, 'MUHAMMAD RAIS', 2, 4, '', '', 3),
(557, 372016211136, 'MUHAMMAD RIZAL BIN HABIB', 2, 4, '', '', 3),
(558, 372016211137, 'NAUFAL HIDAYATULLAH', 2, 4, '', '', 3),
(559, 372016211138, 'NAZAR ANUGRAH', 2, 4, '', '', 3),
(560, 372016211139, 'PRAYOGA ARIF NI''AM', 2, 4, '', '', 3),
(561, 372016211140, 'RACHMAD WAHID WIJAYA', 2, 4, '', '', 3),
(562, 372016211141, 'RAHMAT HIDAYAT', 2, 4, '', '', 3),
(563, 372016211142, 'REZA ARDIANSYAH', 2, 4, '', '', 3),
(564, 372016211143, 'RINALDI PERMANA PUTRA', 2, 4, '', '', 3),
(565, 372016211144, 'ROHMA MUHAMMAD IQBAL SIKETTANG', 2, 4, '', '', 3),
(566, 372016211145, 'ROHMAT KHOIRUR ROZIQIN', 2, 4, '', '', 3),
(567, 372016211146, 'SEFTYAN ADHI PUTRA', 2, 4, '', '', 3),
(568, 372016211147, 'THOLIBURRIDHO AL KHUSYAIRIE', 2, 4, '', '', 3),
(569, 362015210182, 'DIMAS PRIHAMBODO', 2, 4, '', '', 5),
(570, 362015210189, 'ABDU SOMAD AKBAR', 2, 4, '', '', 5),
(571, 352014210168, 'AHMAD FARID', 2, 4, '', '', 7),
(572, 352014210151, 'DIMA ASMARANDANA', 2, 4, '', '', 7),
(573, 352014210153, 'MUHAMMAD ZUL FADHLI BIN RUSLI', 2, 4, '', '', 7),
(574, 352014210152, 'ROBBY FERNANDO', 2, 4, '', '', 7),
(575, 352014210281, 'RODHI HAKIKI BIN CECEP MUSTOPA', 2, 4, '', '', 7),
(576, 352014210154, 'AKHMAD ARIF WIJAKSONO', 2, 4, '', '', 7),
(577, 35201421250, 'JAMAL', 2, 4, '', '', 7),
(578, 342111044, 'IBNU UBAIDILLAH', 2, 4, '', '', 9),
(579, 342111046, 'KHOIRUL ANNAS', 2, 4, '', '', 9),
(580, 342111047, 'MUHAMMAD AS''AD FAJRI', 2, 4, '', '', 9),
(581, 342111692, 'RHIDO RAMAZANI BIN CECEP MUSTO', 2, 4, '', '', 9),
(582, 372016221149, 'AHMAD AGUS SALIM', 2, 3, '', '', 3),
(583, 372016221151, 'ASEP MULDIAN', 2, 3, '', '', 3),
(584, 372016221152, 'ASY`ARI', 2, 3, '', '', 3),
(585, 372016221153, 'BAYU PERMADI', 2, 3, '', '', 3),
(586, 372016221154, 'BOMA PANJI ASTHA  TULUNG', 2, 3, '', '', 3),
(587, 372016221155, 'DIMAS YOGAS TIAR SUGIANTO', 2, 3, '', '', 3),
(588, 372016221156, 'FAKHRI ALWAN HASANI', 2, 3, '', '', 3),
(589, 372016221157, 'ILHAM  DIARA', 2, 3, '', '', 3),
(590, 372016221158, 'ILHAM AL-HAQ', 2, 3, '', '', 3),
(591, 372016221159, 'LU''AY AHMAD DALHAR', 2, 3, '', '', 3),
(592, 372016221160, 'LUQMAN FAUZI', 2, 3, '', '', 3),
(593, 372016221162, 'MARDIANSYAH', 2, 3, '', '', 3),
(594, 372016221163, 'MOCHAMMAD TRI MEDIA PUTRA', 2, 3, '', '', 3),
(595, 372016221164, 'MUHAMMAD ALIF HUDA', 2, 3, '', '', 3),
(596, 372016221166, 'MUHAMMAD HATIBUL UMAM', 2, 3, '', '', 3),
(597, 372016221167, 'MUHAMMAD KHULUQUN AZHIM', 2, 3, '', '', 3),
(598, 372016221168, 'MUHAMMAD WAHYUDI', 2, 3, '', '', 3),
(599, 372016221170, 'MUHAMMAD YUSUF ALFIAN', 2, 3, '', '', 3),
(600, 372016221171, 'NASYAT KAFABIH', 2, 3, '', '', 3),
(601, 372016221172, 'NAWANG LUKMAN PRIYONGGO', 2, 3, '', '', 3),
(602, 372016221173, 'R.A. UBAIDILLAH', 2, 3, '', '', 3),
(603, 372016221174, 'RAGA MAULANA PRIMADI', 2, 3, '', '', 3),
(604, 372016221175, 'RENO KUNCORO', 2, 3, '', '', 3),
(605, 372016221176, 'REYSYAHRI KHATAMI SUDRAJAT', 2, 3, '', '', 3),
(606, 372016221177, 'RIDHO ANGGORO', 2, 3, '', '', 3),
(607, 372016221178, 'RIZKY DWI PRATAMA', 2, 3, '', '', 3),
(608, 372016221179, 'SULHADI', 2, 3, '', '', 3),
(609, 372016221180, 'TRISNA ALRAAFI', 2, 3, '', '', 3),
(610, 362015220390, 'JUAN FATH IBRAHIM', 2, 3, '', '', 5),
(611, 362015220391, 'MARTIN PUTRA PERDANA', 2, 3, '', '', 5),
(612, 362015220418, 'JOKO KURNIAWAN', 2, 3, '', '', 5),
(613, 352014220374, 'MUHAMAD ALI ANSHARI', 2, 3, '', '', 5),
(614, 352014220360, 'ELVAN TEDIO FAWAZ', 2, 3, '', '', 7),
(615, 352014220368, 'AHMAD FAUZI MUSTHOFA', 2, 3, '', '', 7),
(616, 352014221055, 'MUHAMMAD THORIQUL ISLAM', 2, 3, '', '', 7),
(617, 352014220354, 'ANDIKA RAHMAT', 2, 3, '', '', 7),
(618, 342211059, 'BINAGKIT GUMILANG', 2, 3, '', '', 9),
(619, 342211083, 'ILHAM CHABIBI', 2, 3, '', '', 9),
(620, 342211920, 'UTI RACHMAD YANUAR', 2, 3, '', '', 9),
(621, 372016231182, 'AGIL DWI PRASETYA', 2, 5, '', '', 3),
(622, 372016231183, 'AHMAD TAUFANY', 2, 5, '', '', 3),
(623, 372016231184, 'AKBAR FATIH ZULFIKHAR', 2, 5, '', '', 3),
(624, 372016231185, 'AMRINA ROSYADA', 2, 5, '', '', 3),
(625, 372016231187, 'AULAD MUWAFFAQ', 2, 5, '', '', 3),
(626, 372016231188, 'DIGIT KHAEKAL MUHARRAM', 2, 5, '', '', 3),
(627, 372016231189, 'EDY ABDUL PRANOTO', 2, 5, '', '', 3),
(628, 372016231190, 'FAJRUL FALAH RIDLO', 2, 5, '', '', 3),
(629, 372016231191, 'FARIS NAUFAL LUTHFI', 2, 5, '', '', 3),
(630, 372016231192, 'HADRIS', 2, 5, '', '', 3),
(631, 372016231193, 'HAMLAN PRIMA', 2, 5, '', '', 3),
(632, 372016231194, 'HARDOKO FACHRUDIN NAFIZ', 2, 5, '', '', 3),
(633, 372016231195, 'HAZMI IHKAMUDDIN', 2, 5, '', '', 3),
(634, 372016231197, 'IRFAN EL JAWAS', 2, 5, '', '', 3),
(635, 372016231198, 'M REDHO RAHMAN', 2, 5, '', '', 3),
(636, 372016231199, 'M. SULTAN AMIRUDIN', 2, 5, '', '', 3),
(637, 372016231200, 'M.WILDAN ISLAMY', 2, 5, '', '', 3),
(638, 372016231201, 'MOHAMMAD ALIYAN ASHADI', 2, 5, '', '', 3),
(639, 372016231202, 'MUH IBNU SAFARUDDIN F.H.', 2, 5, '', '', 3),
(640, 372016231203, 'MUH.  FAIQ PRADANA ARIS MUNAND', 2, 5, '', '', 3),
(641, 372016231204, 'MUHAMMAD ARIFUDDIN BIN ABD MAN', 2, 5, '', '', 3),
(642, 372016231205, 'MUHAMMAD DLIYAUL HAQ', 2, 5, '', '', 3),
(643, 372016231206, 'MUHAMMAD HASBI HIDAYATULLAH', 2, 5, '', '', 3),
(644, 372016231207, 'MUHAMMAD ILYAS FAUZAN', 2, 5, '', '', 3),
(645, 372016231209, 'MUHAMMAD JORDAN', 2, 5, '', '', 3),
(646, 372016231210, 'MUHAMMAD KHALIL KANZU', 2, 5, '', '', 3),
(647, 372016231211, 'MUHAMMAD MULTAZIM ADDIN', 2, 5, '', '', 3),
(648, 372016231212, 'MUHAMMAD NABIEL YUSUF', 2, 5, '', '', 3),
(649, 372016231213, 'MUHAMMAD SYIFAURRAHM,AN  ', 2, 5, '', '', 3),
(650, 372016231215, 'OSTRADA PAHLAWAN', 2, 5, '', '', 3),
(651, 372016231216, 'OVA RIWANSYAH TAMBUNAN', 2, 5, '', '', 3),
(652, 372016231217, 'PRIMA RAHMATIKA AHMAD', 2, 5, '', '', 3),
(653, 372016231218, 'RIZQI MUHAMMAD JUMAM AKMAL', 2, 5, '', '', 3),
(654, 372016231219, 'ROYYAN MUDA', 2, 5, '', '', 3),
(655, 372016231220, 'SABILUL WAFDA', 2, 5, '', '', 3),
(656, 372016231223, 'SYAMSUL HIDAYAT', 2, 5, '', '', 3),
(657, 372016231221, 'SULAIMAN MINPAN', 2, 5, '', '', 3),
(658, 372016231222, 'SUTRA ADI KUSUMA', 2, 5, '', '', 3),
(659, 372016231224, 'SYARIF HIDAYATULLAH', 2, 5, '', '', 3),
(660, 372016231225, 'ULINNUHA JABBAR ISLAMI', 2, 5, '', '', 3),
(661, 372016231535, 'WAHYU FAJRI RAMDHANI', 2, 5, '', '', 3),
(662, 372016231226, 'WIM THARIQ', 2, 5, '', '', 3),
(663, 372016231181, 'ADITIYA NUGROHO', 2, 5, '', '', 3),
(664, 372016231186, 'APISIT SAMALA', 2, 5, '', '', 3),
(665, 372016231196, 'HUDZAIFAH GHANI ABDULLAH NGABA', 2, 5, '', '', 3),
(666, 362015230480, 'ABDUL RAMLI HASAN', 2, 5, '', '', 5),
(667, 362015230483, 'ACHMAD ILHAM MAULANA', 2, 5, '', '', 5),
(668, 362015230493, 'FATWA EMIR MUTTAQIN', 2, 5, '', '', 5),
(669, 362015230472, 'IBRAHIM ', 2, 5, '', '', 5),
(670, 362015230503, 'MOHAMMAD AULIYA''UR RASYID', 2, 5, '', '', 5),
(671, 362015230473, 'MUHAMAD RIZKI ASHARI', 2, 5, '', '', 5),
(672, 362015230490, 'MUHAMMAD A''ISY FIRDAUSI', 2, 5, '', '', 5),
(673, 362015230488, 'MUHAMMAD ANIF BIL KHILMI', 2, 5, '', '', 5),
(674, 362015230476, 'MUHAMMAD HAZWAN BIN MD MAHIR', 2, 5, '', '', 5),
(675, 362015230491, 'MUHAMMAD SHOFWAN MUTTAQIN', 2, 5, '', '', 5),
(676, 362015230499, 'MUKHBIT', 2, 5, '', '', 5),
(677, 362015230494, 'NUR CHOLIK ACHMAD', 2, 5, '', '', 5),
(678, 362015230474, 'RAIHAN ARAFAH', 2, 5, '', '', 5),
(679, 362015230477, 'SALMAN AL BUKHORI', 2, 5, '', '', 5),
(680, 362015230501, 'SANUSI', 2, 5, '', '', 5),
(681, 352014230417, 'ABDUL MALIK', 2, 5, '', '', 7),
(682, 352014230418, 'GHULAM HILMAN', 2, 5, '', '', 7),
(683, 352014230426, 'ADITYA MUKTI WIBOWO', 2, 5, '', '', 7),
(684, 342311030, 'M. PERDANA PUTRA', 2, 5, '', '', 9),
(685, 342311102, 'SHUBHAN FAUZI ATHOILLAH', 2, 5, '', '', 9),
(686, 342311106, 'ABID SYAHNI', 2, 5, '', '', 9),
(687, 342311113, 'MUHAMAD NUR FAUZAN', 2, 5, '', '', 9),
(688, 372016311227, 'AHMAD FARABI', 3, 6, '', '', 3),
(689, 372016311228, 'AKMAD ZAENUR ARRASYID', 3, 6, '', '', 3),
(690, 372016311229, 'ALAWI MUHAMMAD', 3, 6, '', '', 3),
(691, 372016311230, 'ANDIKA ARISANDI', 3, 6, '', '', 3),
(692, 372016311231, 'AYUB NUGROHO', 3, 6, '', '', 3),
(693, 372016311232, 'BAMBANG WARDALI', 3, 6, '', '', 3),
(694, 372016311233, 'BUDI SETIAWAN', 3, 6, '', '', 3),
(695, 372016311234, 'DENDY KURNIAWAN', 3, 6, '', '', 3),
(696, 372016311235, 'DHULFIGAR FAIQ AL AFNAN', 3, 6, '', '', 3),
(697, 372016311236, 'FARKHAN AULIA HASIBUAN', 3, 6, '', '', 3),
(698, 372016311237, 'FUAD ASYIFUDDIN FAIZ', 3, 6, '', '', 3),
(699, 372016311238, 'HAIRUL ANWAR', 3, 6, '', '', 3),
(700, 372016311239, 'HASYIM SAREDEH', 3, 6, '', '', 3),
(701, 372016311241, 'MOCH AZAM AZHARI', 3, 6, '', '', 3),
(702, 372016311243, 'MUHAMMAD ALI RIDHO', 3, 6, '', '', 3),
(703, 372016311244, 'MUHAMMAD ANDRIE DZULHAQUE', 3, 6, '', '', 3),
(704, 372016311245, 'MUHAMMAD FAHRI KHALID', 3, 6, '', '', 3),
(705, 372016311246, 'MUHAMMAD FARIS ZUHAIRUDIN', 3, 6, '', '', 3),
(706, 372016311247, 'MUHAMMAD IKHLASUL NAZIH', 3, 6, '', '', 3),
(707, 372016311248, 'MUHAMMAD KHARIS TAMBUSAI', 3, 6, '', '', 3),
(708, 372016311249, 'MUHAMMAD SYAFIUDIN RIDHO', 3, 6, '', '', 3),
(709, 372016311250, 'MUHAMMAD SYAIFUDDIN FARID', 3, 6, '', '', 3),
(710, 372016311251, 'MUHAMMMAD KHOLID SAEFULLOH', 3, 6, '', '', 3),
(711, 372016311252, 'MUHTAROM', 3, 6, '', '', 3),
(712, 372016311253, 'MUJAHID QUSHAIRI BIN ABDULLAH', 3, 6, '', '', 3),
(713, 372016311255, 'NOSEF NUNGGARAN', 3, 6, '', '', 3),
(714, 372016311256, 'ROSYID QOIMUDDIN HABIBULLOH', 3, 6, '', '', 3),
(715, 372016311257, 'ZAENAL MUSTOFA', 3, 6, '', '', 3),
(716, 372016311258, 'ZAIMUDIN AL-MAHDI MOKAN', 3, 6, '', '', 3),
(717, 372016311259, 'ZUL ARWIKI JECKY', 3, 6, '', '', 3),
(718, 372016311242, 'MUHAMAD RAVI AZKY AL-KIRAM', 3, 6, '', '', 3),
(719, 372016311254, 'NONTWIT INTON`', 3, 6, '', '', 3),
(720, 362015310553, 'A ZAKKY NASYIRUDDIN', 3, 6, '', '', 5),
(721, 362015310554, 'AFFRIZAL BERRYL DEWANTARA', 3, 6, '', '', 5),
(722, 362015310562, 'IQBAL AINURRIDHO', 3, 6, '', '', 5),
(723, 362015310579, 'MOHAMAD HANIS BIN SHOLIHOTDIN', 3, 6, '', '', 5),
(724, 362015310580, 'NIZHAM MAHMUDI MUTTAQIN', 3, 6, '', '', 5),
(725, 362015310582, 'AZMI ARROISIY', 3, 6, '', '', 5),
(726, 352014310482, 'ANWARUL MUZAYYIDIN', 3, 6, '', '', 7),
(727, 352014310429, 'FIDA'' RIDHO ROBBANI', 3, 6, '', '', 7),
(728, 352014310483, 'INDRAYANA NUGRAHA', 3, 6, '', '', 7),
(729, 352014310498, 'MUHAMMAD IHSAN MUSTOFA', 3, 6, '', '', 7),
(730, 352014310484, 'MUHAMMAD MISBAHUL MUNIR', 3, 6, '', '', 7),
(731, 352014310486, 'MUHAMMAD TAQARRUB ILALLAH', 3, 6, '', '', 7),
(732, 352014310479, 'MUHAMMAD WILDAN ARFAN', 3, 6, '', '', 7),
(733, 352014310487, 'RACHMAD AGUS SETIAWAN', 3, 6, '', '', 7),
(734, 352014310493, 'TAMPAN CRESNA KURNIADINATA', 3, 6, '', '', 7),
(735, 352014310480, 'ACHMAD ARNOLD BINTANG PAMUNGKA', 3, 6, '', '', 7),
(736, 343111139, 'ARYA M. NURKHOLIS', 3, 6, '', '', 9),
(737, 343111914, 'M. IQBAL ALSAVERO', 3, 6, '', '', 9),
(738, 343111126, 'AKHMALUDDIN', 3, 6, '', '', 9),
(739, 343111097, 'SAIPUL NASUTION', 3, 6, '', '', 9),
(740, 372016321260, 'ABDUR RAHMAN BIN BAHARUDDIN', 3, 7, '', '', 3),
(741, 372016321261, 'ALFIRAZ JAMALULLAIL', 3, 7, '', '', 3),
(742, 372016321262, 'ASRIL ARDIANSYAH', 3, 7, '', '', 3),
(743, 372016321263, 'BAHARUDDIN SEBANGKIT', 3, 7, '', '', 3),
(744, 372016321264, 'BHIMAS PUTRA PURNAMADANI', 3, 7, '', '', 3),
(745, 372016321265, 'CHANDRA HUTAMA PRASETYO', 3, 7, '', '', 3),
(746, 372016321266, 'DARMAWAN KUSUMA', 3, 7, '', '', 3),
(747, 372016321267, 'DONI RAHMAN NURDIANA', 3, 7, '', '', 3),
(748, 372016321268, 'EKO YULIANTO PURNOMO', 3, 7, '', '', 3),
(749, 372016321269, 'FAHREZA MUFTI ANNUR', 3, 7, '', '', 3),
(750, 372016321270, 'FARHANI RIZKI', 3, 7, '', '', 3),
(751, 372016321271, 'FATTAHUL MUBDI', 3, 7, '', '', 3),
(752, 372016321272, 'FIQIH AL IKHSAN', 3, 7, '', '', 3),
(753, 372016321274, 'HASNAN HABIB ALKHUZAIFI', 3, 7, '', '', 3),
(754, 372016321277, 'KHOIRUL ILHAM PERKASYA', 3, 7, '', '', 3),
(755, 372016321278, 'MA''RUF FAJAR', 3, 7, '', '', 3),
(756, 372016321279, 'MISBACHUL MUNAWAR', 3, 7, '', '', 3),
(757, 372016321280, 'MOCH. IMRON ISRO''I', 3, 7, '', '', 3),
(758, 372016321281, 'MUH MUSHAWIR ICHSAN', 3, 7, '', '', 3),
(759, 372016321282, 'MUHAMMAD ALFI SYAHRIN', 3, 7, '', '', 3),
(760, 372016321283, 'MUHAMMAD ALIFF BIN AHMAD SABIR', 3, 7, '', '', 3),
(761, 372016321284, 'MUHAMMAD FARKHANZAINI', 3, 7, '', '', 3),
(762, 372016321285, 'MUHAMMAD IQBAL', 3, 7, '', '', 3),
(763, 372016321286, 'MUHAMMAD IQBAL KIWANG', 3, 7, '', '', 3),
(764, 372016321287, 'MUHAMMAD IRHAM NURFAQIH', 3, 7, '', '', 3),
(765, 372016321288, 'MUHAMMAD KHAIRUDDIN BIN MD ZUL', 3, 7, '', '', 3),
(766, 372016321289, 'MUHARRIK FITRAGARA FACHREZA', 3, 7, '', '', 3),
(767, 372016321290, 'PRAYOGA JULIANTO', 3, 7, '', '', 3),
(768, 372016321291, 'RAFLI SETIAWAN', 3, 7, '', '', 3),
(769, 372016321292, 'RAHMAT RISALDI BASIR', 3, 7, '', '', 3),
(770, 372016321294, 'RENDI  DERIYANSYAH', 3, 7, '', '', 3),
(771, 372016321295, 'RIZWAN ALFATA', 3, 7, '', '', 3),
(772, 372016321296, 'ROMI ZAUMAR ''ALLAM AL ''AFI', 3, 7, '', '', 3),
(773, 372016321297, 'SALAMAT', 3, 7, '', '', 3),
(774, 372016321298, 'SOFYAN ABDUL FATIH', 3, 7, '', '', 3),
(775, 372016321299, 'TEUKU DIN MUHAMMAD ALIF BAZARG', 3, 7, '', '', 3),
(776, 372016321300, 'WAHID ADI PUTRA', 3, 7, '', '', 3),
(777, 372016321276, 'IQBAL MAULANA', 3, 7, '', '', 3),
(778, 372016321293, 'RANH IMADUDIN FARHAN', 3, 7, '', '', 3),
(779, 362015320643, 'ADAM ZULFAHMI', 3, 7, '', '', 5),
(780, 362015320635, 'AHMAD FATHUL AZIZ', 3, 7, '', '', 5),
(781, 362015320647, 'DZULFAN HAKIM HABIBI', 3, 7, '', '', 5),
(782, 362015320644, 'ERSHAL JUANDA', 3, 7, '', '', 5),
(783, 362015320636, 'IBNU AMRIL HAKIM', 3, 7, '', '', 5),
(784, 362015320642, 'INSANUL NABIL', 3, 7, '', '', 5),
(785, 362015320640, 'MUHAMMAD AL IKHWAN BINTARTO', 3, 7, '', '', 5),
(786, 362015320633, 'MUHAMMAD UWAIS AL QORNI', 3, 7, '', '', 5),
(787, 362015320656, 'MUHAMMADHUSNEE CHEHA', 3, 7, '', '', 5),
(788, 362015320646, 'MUKH NUR TAUFIQ', 3, 7, '', '', 5),
(789, 362015320637, 'RAMY ABUBAKRI AKHIRUL ZULHAJ', 3, 7, '', '', 5),
(790, 362015320653, 'YOANDA SYAH PUTRA', 3, 7, '', '', 5),
(791, 352014321075, 'ANDIKA UMAR', 3, 7, '', '', 7),
(792, 352014320565, 'EKA ISYA WARDHANA', 3, 7, '', '', 7),
(793, 352014320007, 'FAQIH ABDURROHMAN', 3, 7, '', '', 7),
(794, 352014320559, 'M. ISMOYO ARIS MUHARAM', 3, 7, '', '', 7),
(795, 352014320564, 'MUHAMMAD IKHLAS SUPARDIN', 3, 7, '', '', 7),
(796, 352014320550, 'MUHAMMAD IQBAL', 3, 7, '', '', 7),
(797, 352014320560, 'REALIS FACHRY ACHSANI', 3, 7, '', '', 7),
(798, 352014320554, 'ZULFAJRIN', 3, 7, '', '', 7),
(799, 352014320551, 'AHMAD FARISAN SIDDIK', 3, 7, '', '', 7),
(800, 352014320553, 'ROFIQ HANIF NASHUHA', 3, 7, '', '', 7),
(801, 343211004, 'ABDUL MUFID', 3, 7, '', '', 9),
(802, 343211160, 'ABDUL RAHIM BIN ISMAIL', 3, 7, '', '', 9),
(803, 343210978, 'AHMAD HUZAIFI', 3, 7, '', '', 9),
(804, 343211279, 'ANDIKA SATYA NUGRAHA', 3, 7, '', '', 9),
(805, 343211049, 'FAWZAN ELIYA MOHAMMAD', 3, 7, '', '', 9),
(806, 343211149, 'MIFTAH ZEIN MUHAMMAD', 3, 7, '', '', 9),
(807, 343211161, 'MUHAMMAD ABDUR ROHIM', 3, 7, '', '', 9),
(808, 343211293, 'USAMAH ABDURRAHMAN', 3, 7, '', '', 9),
(809, 343211158, 'QAEDI QASTHARI', 3, 7, '', '', 9),
(810, 372016411301, 'ABDUL HAMID', 7, 17, '', '', 3),
(811, 372016411302, 'ABDULLAH NUR ADIB', 7, 17, '', '', 3),
(812, 372016411303, 'AINUL ZAMARKASI', 7, 17, '', '', 3),
(813, 372016411305, 'ALVIN RIYAN RAHMATILLAH', 7, 17, '', '', 3),
(814, 372016411306, 'AMIRUL DEBI LISTYANTOMO', 7, 17, '', '', 3),
(815, 372016411307, 'ANGGER RAMA PRASETYA', 7, 17, '', '', 3),
(816, 3720164111540, 'ANTONI JULIAN', 7, 17, '', '', 3),
(817, 372016411308, 'AVIO CAESAR HENDRIK', 7, 17, '', '', 3),
(818, 372016411309, 'AWAN MAULANA AKBAR', 7, 17, '', '', 3),
(819, 372016411310, 'BINTANG MAHARDHIKA PUTRA BANGS', 7, 17, '', '', 3),
(820, 372016411311, 'DHIA ACHMAD HANIF', 7, 17, '', '', 3),
(821, 372016411312, 'FAAZA FRISKY AULIA', 7, 17, '', '', 3),
(822, 372016411313, 'FAJAR NUR ROHMAN', 7, 17, '', '', 3),
(823, 372016411314, 'FAJRUL HAKIM AHMAD', 7, 17, '', '', 3),
(824, 372016411315, 'FAUZAN NOER KURNIAWAN', 7, 17, '', '', 3),
(825, 372016411316, 'FURQAN HIFDZUR RAHMAN', 7, 17, '', '', 3),
(826, 372016411318, 'IBNU ADITYA PRATAMA', 7, 17, '', '', 3),
(827, 372016411319, 'ILHAM ABADI', 7, 17, '', '', 3),
(828, 372016411320, 'ILHAM IHZA BAYHAQI', 7, 17, '', '', 3),
(829, 372016411321, 'IRCHAM MAULAYA FADHILA', 7, 17, '', '', 3),
(830, 372016411322, 'IRWANSYAH', 7, 17, '', '', 3),
(831, 372016411323, 'IZZA LAVEDA ELIAN BUDITAMA', 7, 17, '', '', 3),
(832, 372016411324, 'JAUDAT IQBAL HARRIS', 7, 17, '', '', 3),
(833, 372016411325, 'LUTHFI NOOR MAHMUDI', 7, 17, '', '', 3),
(834, 372016411326, 'M. HERU', 7, 17, '', '', 3),
(835, 372016411327, 'MOHAMMAD NUR IRFAN', 7, 17, '', '', 3),
(836, 372016411328, 'MUHAMMAD AGUS WASKITO', 7, 17, '', '', 3),
(837, 372016411329, 'MUHAMMAD AZYS AS''AD', 7, 17, '', '', 3),
(838, 372016411330, 'MUHAMMAD NUR FAHMI', 7, 17, '', '', 3),
(839, 372016411331, 'MUHAMMAD REZKI RAMADHAN', 7, 17, '', '', 3),
(840, 372016411333, 'MUHAMMMAD.REZA TOHANI', 7, 17, '', '', 3),
(841, 372016411334, 'RANDI FATIH ADIANTO', 7, 17, '', '', 3),
(842, 372016411335, 'ROBBY HIDAYAT', 7, 17, '', '', 3),
(843, 372016411336, 'ROFIQY NURUS SANUSI', 7, 17, '', '', 3),
(844, 372016411337, 'SULTHAN IRSYADDIN HAFIDH', 7, 17, '', '', 3),
(845, 372016411338, 'WAHID KAALFIN', 7, 17, '', '', 3),
(846, 372016411339, 'WAHYU DWI ARY WIBOWO', 7, 17, '', '', 3),
(847, 362015410746, 'AHMAD SYIFA UTAMA ', 7, 17, '', '', 5),
(848, 362015410741, 'AKBAR ZULFIA FRATAMA', 7, 17, '', '', 5),
(849, 362015410730, 'ARTA ZULIAN EFFENDI', 7, 17, '', '', 5),
(850, 362015410734, 'DHI''FA AULIA RAHMAN', 7, 17, '', '', 5),
(851, 362015410750, 'DIRGA NUSANTARA', 7, 17, '', '', 5),
(852, 362015410749, 'HAFIZUL ILMI NASUTION', 7, 17, '', '', 5),
(853, 362015410739, 'HERU SYAHDANI', 7, 17, '', '', 5),
(854, 362015410714, 'ISQI FIRDAUS', 7, 17, '', '', 5),
(855, 362015410720, 'LADUNA NAUFAL MUSLIKHUL WARO', 7, 17, '', '', 5),
(856, 362015410712, 'M SYAHRUL SYARIFUDDIN', 7, 17, '', '', 5),
(857, 362015410716, 'M. ARIEF HIDAYAT', 7, 17, '', '', 5),
(858, 362015410740, 'MAULANA ABIDIN', 7, 17, '', '', 5),
(859, 362015410722, 'MUHAMMAD IRFAN', 7, 17, '', '', 5),
(860, 362015410738, 'MUHAMMAD QUDRI', 7, 17, '', '', 5),
(861, 362015410719, 'MUHAMMAD RIZQI FAUZI', 7, 17, '', '', 5),
(862, 362015410715, 'PURWADI NASRUN NURWAKHID', 7, 17, '', '', 5),
(863, 362015410729, 'RIZAL ALFIANSYAH', 7, 17, '', '', 5),
(864, 362015410717, 'WILDAN SIFAUDIN', 7, 17, '', '', 5),
(865, 352014411083, 'AHMAD IQBAL', 7, 17, '', '', 7),
(866, 352014410648, 'FAHMI JAHARUDDIN', 7, 17, '', '', 7),
(867, 352014410625, 'FARHAN ALDI KHUNAIFI', 7, 17, '', '', 7),
(868, 352014410624, 'HILMAN ADAM', 7, 17, '', '', 7),
(869, 352014411100, 'INDRA SHOLEH HUSNI', 7, 17, '', '', 7),
(870, 352014410640, 'M.NOOR HIDAYATULLAH', 7, 17, '', '', 7),
(871, 352014410627, 'MEICHIO LESMANA', 7, 17, '', '', 7),
(872, 352014411077, 'MUHAMMAD YOGI MAALDINI', 7, 17, '', '', 7),
(873, 352014410623, 'PUJA SOLAHUDIN', 7, 17, '', '', 7),
(874, 352014410629, 'SORITUA AHMAD RAMDANI HARAHAP', 7, 17, '', '', 7),
(875, 352014410645, 'SYAEFUL HUDA', 7, 17, '', '', 7),
(876, 352014410648, 'YUWAN EBIT SAPUTRO', 7, 17, '', '', 7),
(877, 352014410638, 'AHMAD SUBHAN', 7, 17, '', '', 7),
(878, 352014410635, 'FAHMI RIANSYAH WIBOWO', 7, 17, '', '', 7),
(879, 343311034, 'ABDULLAH SYAFIQ NAUFAL', 7, 17, '', '', 9),
(880, 343311029, 'AHMAD BAIHAQI ESAPUTRA', 7, 17, '', '', 9),
(881, 343311917, 'ARDHY MAULANA', 7, 17, '', '', 9),
(882, 343311867, 'DIO IQBAL PRASETYA', 7, 17, '', '', 9),
(883, 343311081, 'FAIZAL ABDUH', 7, 17, '', '', 9),
(884, 343311919, 'HILMAN', 7, 17, '', '', 9),
(885, 343311105, 'M. IQBAL', 7, 17, '', '', 9),
(886, 343311051, 'M. THORIQ HIDAYAT', 7, 17, '', '', 9),
(887, 343311196, 'MOHAMMAD KHOIRUL HUDA', 7, 17, '', '', 9),
(888, 343311178, 'MUHAMMAD FIKRI HAYKAL', 7, 17, '', '', 9),
(889, 343311947, 'MULA SONTANG SIREGAR', 7, 17, '', '', 9),
(890, 333310194, 'NUR ADHANI WISUDAWAN', 7, 17, '', '', 9),
(891, 343311187, 'SYAHRUL FITRI TAJUDDIN', 7, 17, '', '', 9),
(892, 343311117, 'TABAROKAL ROBY RINTOKO', 7, 17, '', '', 9),
(893, 343311090, 'YUSUF KHOIRUL A', 7, 17, '', '', 9),
(894, 372016421342, 'ABDULLAH FAHMI NAJMI', 7, 18, '', '', 3),
(895, 372016421343, 'ABDULLAH MUGHNI MOHAMMAD MUTH''', 7, 18, '', '', 3),
(896, 372016421344, 'ADIMAS PUTU AMIJAYA', 7, 18, '', '', 3),
(897, 372016421345, 'AHMAD BAYU ARISTA ARSYADI', 7, 18, '', '', 3),
(898, 372016421346, 'AHMAD FAUZAN KAMAL', 7, 18, '', '', 3),
(899, 372016421347, 'AHMAD HIMAMI DZIRRISYDA PRATAM', 7, 18, '', '', 3),
(900, 372016421348, 'AHMAD ILYAS', 7, 18, '', '', 3),
(901, 372016421349, 'ALFIAN SURYA FIRNANDO', 7, 18, '', '', 3),
(902, 372016421350, 'AL-GHAZALI NOVIANSYAH', 7, 18, '', '', 3),
(903, 372016421351, 'ALVIN FAUZAN', 7, 18, '', '', 3),
(904, 372016421352, 'CHICCO INDRA SUPANDRI', 7, 18, '', '', 3),
(905, 372016421353, 'FAJAR RFCYAN ADI', 7, 18, '', '', 3),
(906, 372016421354, 'FEBRI ARIUS', 7, 18, '', '', 3),
(907, 372016421355, 'HUBBYL BIRRY NASRILLAH', 7, 18, '', '', 3),
(908, 372016421356, 'HUMAEDI', 7, 18, '', '', 3),
(909, 372016421357, 'IBKAR ASHSHIDIQQI', 7, 18, '', '', 3),
(910, 372016421358, 'IKHSAN MARDIANSAH', 7, 18, '', '', 3),
(911, 372016421359, 'LALU FANNANY FARODY ALBAR', 7, 18, '', '', 3),
(912, 372016421360, 'M SIDIQ FEBRIANSYAH', 7, 18, '', '', 3),
(913, 372016421361, 'M. AULIA RAHMAN', 7, 18, '', '', 3),
(914, 372016421363, 'MOULIYA MUHAMMAD FATUL HAMDA', 7, 18, '', '', 3),
(915, 372016421309, 'MUHAMMAD  NAZEEF BIN ISNEN', 7, 18, '', '', 3),
(916, 372016421364, 'MUHAMMAD AFIF NAUFAL', 7, 18, '', '', 3),
(917, 372016421366, 'MUHAMMAD ARIF RIZKIYA', 7, 18, '', '', 3),
(918, 372016421367, 'MUHAMMAD FAISAL ANWAR', 7, 18, '', '', 3),
(919, 372016421368, 'MUHAMMAD GILANG AJI GANDARA', 7, 18, '', '', 3),
(920, 372016421369, 'MUHAMMAD HABIB MURTADLO', 7, 18, '', '', 3),
(921, 372016421370, 'MUHAMMAD LUQMAN ARDIANSYAH', 7, 18, '', '', 3),
(922, 372016421371, 'MUHAMMAD NUR FATKHURROHMAN', 7, 18, '', '', 3),
(923, 372016421372, 'MUHAMMAD SYARIF MARZUKI', 7, 18, '', '', 3),
(924, 372016421373, 'MUMTAZ TAQI NAUVAL ABULLAH', 7, 18, '', '', 3),
(925, 372016421374, 'RAHMAD ARI PRABOWO', 7, 18, '', '', 3),
(926, 372016421375, 'RIJKI MUROBI', 7, 18, '', '', 3),
(927, 372016421376, 'SALAHUDDIN CHEMAE', 7, 18, '', '', 3),
(928, 372016421377, 'WILDAN KHOLID', 7, 18, '', '', 3),
(929, 372016421341, 'ABDAUL MUQORROBIN', 7, 18, '', '', 3),
(930, 372016421362, 'MAHAMA BUESA', 7, 18, '', '', 3),
(931, 372016421365, 'MUHAMMAD AGHNA ARY KRISNIADI S', 7, 18, '', '', 3),
(932, 372016421378, 'YUDHA AJI PAMBUDI', 7, 18, '', '', 3),
(933, 372016421379, 'ZULFIKAR', 7, 18, '', '', 3),
(934, 362015420398, 'AKMAL LILLAH SYAFI''I UMAM ', 7, 18, '', '', 5),
(935, 362015420846, 'ALIF PRAKASA', 7, 18, '', '', 5),
(936, 362015420859, 'HASAN ABDURRAHIM', 7, 18, '', '', 5),
(937, 362015420836, 'MOCHAMMAD AINUL YAQIN', 7, 18, '', '', 5),
(938, 362015421247, 'MUHAMMAD NURFAJRULLOH ASH-SHID', 7, 18, '', '', 5),
(939, 362015420850, 'RIJAL MUSTOFA BIN ISKANDAR', 7, 18, '', '', 5),
(940, 362015420838, 'MUHAMMAD ROMZY FARRAS', 7, 18, '', '', 5),
(941, 352014420759, 'ADITYA FIRDAUS', 7, 18, '', '', 7),
(942, 352014420750, 'ALAMSYAH', 7, 18, '', '', 7),
(943, 352014420768, 'ERFAN ARISKA PUTRA', 7, 18, '', '', 7),
(944, 352014420710, 'FAISAL SETIAWAN FAJRI', 7, 18, '', '', 7),
(945, 352014420761, 'RADEN MUHAMMAD SYAKUR FATHURRA', 7, 18, '', '', 7),
(946, 352014420771, 'WAHYU ADHIYA PUTRA', 7, 18, '', '', 7),
(947, 352014420762, 'WISNU WIJAYA', 7, 18, '', '', 7),
(948, 352014420749, 'RAHMAT', 7, 18, '', '', 7),
(949, 372016511380, 'ABDUL KHALIQ NAPITUPULU', 5, 12, '', '', 3),
(950, 372016511381, 'ABDULLAH FIKRI', 5, 12, '', '', 3),
(951, 372016511382, 'ABDURRAHMAN FAIZ AS''AD', 5, 12, '', '', 3),
(952, 372016511383, 'ABDURROHIM PRATAMA', 5, 12, '', '', 3),
(953, 372016511384, 'ADITYA NUR MEYDIANTORO', 5, 12, '', '', 3),
(954, 372016511385, 'AFIF ALMU''TASHIM', 5, 12, '', '', 3),
(955, 372016511387, 'AHMAD YUSRIN NIAM ALFIAN', 5, 12, '', '', 3),
(956, 372016511388, 'ALDIN AHYANA', 5, 12, '', '', 3),
(957, 372016511389, 'ALIEF SALSABILA AFIF', 5, 12, '', '', 3),
(958, 372016511390, 'AMIN NASHRULLAH', 5, 12, '', '', 3),
(959, 372016511391, 'AMIR IBRAHIM ABIYYI ABYAN', 5, 12, '', '', 3),
(960, 372016511392, 'ANGGARA NUR USMAD', 5, 12, '', '', 3),
(961, 372016511393, 'ARSYAD RAIS', 5, 12, '', '', 3),
(962, 372016511394, 'ASLIH FAHMI', 5, 12, '', '', 3),
(963, 372016511395, 'AULIA SHALAHUDDIN YUNUS', 5, 12, '', '', 3),
(964, 372016511396, 'AZRAF ALDEO YASIN', 5, 12, '', '', 3),
(965, 372016511397, 'BAGAS HUSNUL HIDAYAT', 5, 12, '', '', 3),
(966, 372016511398, 'BASITH FARUQY', 5, 12, '', '', 3),
(967, 372016511399, 'BHIRAWA ANORAGA ILMANJAYA', 5, 12, '', '', 3),
(968, 372016511400, 'BIMA MAHENDRA PUTRA', 5, 12, '', '', 3),
(969, 372016511401, 'DODY SULAIMAN', 5, 12, '', '', 3),
(970, 372016511402, 'FIKRY SEPTIADI HIDAYANSYAH', 5, 12, '', '', 3),
(971, 372016511403, 'FUAD ASHOFI BIN MUALIMIN', 5, 12, '', '', 3),
(972, 372016511404, 'HABIB FIRMANSYAH', 5, 12, '', '', 3),
(973, 372016511405, 'HAIKAL FAUZY ANSHORY', 5, 12, '', '', 3),
(974, 372016511408, 'HANIF MUHAMMAD IHSAN', 5, 12, '', '', 3),
(975, 372016511409, 'HASAN ASSAID', 5, 12, '', '', 3),
(976, 372016511410, 'HASBI ZIYADURRACHMAN', 5, 12, '', '', 3),
(977, 372016511411, 'HILMAN MAHMUD AKMAL MA''ARIF', 5, 12, '', '', 3),
(978, 372016511412, 'HYDRILLA FRAGRANT', 5, 12, '', '', 3),
(979, 372016511413, 'IHBA PAMBUKO MANGKU RINO', 5, 12, '', '', 3),
(980, 372016511414, 'IQBALULLOH AZAM RAMADHAN', 5, 12, '', '', 3),
(981, 372016511415, 'KHARIS INDRA PERDANA', 5, 12, '', '', 3),
(982, 372016511416, 'LUTFI ALIF PUTRA SETIYAWAN', 5, 12, '', '', 3),
(983, 372016511417, 'MOCHAMAD DITO PRABOWO', 5, 12, '', '', 3),
(984, 372016511418, 'MOHAMMAD AMIRUNNAUFAL', 5, 12, '', '', 3),
(985, 372016511421, 'MUHAMAD FARHAN SANI', 5, 12, '', '', 3),
(986, 372016511422, 'MUHAMMAD ADITIYA NUGRAHA', 5, 12, '', '', 3),
(987, 372016511423, 'MUHAMMAD ANIS FOUAD', 5, 12, '', '', 3),
(988, 372016511424, 'MUHAMMAD DZAKI ALMAULIDI', 5, 12, '', '', 3),
(989, 372016511426, 'MUHAMMAD FARHAN FUADI', 5, 12, '', '', 3),
(990, 372016511427, 'MUHAMMAD FIRMAN SULAEMAN', 5, 12, '', '', 3);
INSERT INTO `tbmahasiswa` (`id_mahasiswa`, `nim`, `nama`, `id_fak`, `id_prodi`, `kamar`, `alamat`, `semester`) VALUES
(991, 372016511429, 'MUHAMMAD HARUN AL-RASYID', 5, 12, '', '', 3),
(992, 372016511430, 'MUHAMMAD HASANAIN', 5, 12, '', '', 3),
(993, 372016511431, 'MUHAMMAD MIQDAD HISYAM', 5, 12, '', '', 3),
(994, 372016511432, 'MUHAMMAD MUZAKKI BIN MAHMUD', 5, 12, '', '', 3),
(995, 372016511433, 'MUHAMMAD NURYADIN', 5, 12, '', '', 3),
(996, 372016511434, 'MUHAMMAD RAHMI', 5, 12, '', '', 3),
(997, 372016511435, 'MUHAMMAD RIZKY AFKHORY', 5, 12, '', '', 3),
(998, 372016511437, 'NAUFAL FIKRI', 5, 12, '', '', 3),
(999, 372016511438, 'NOVAL SAPUTRA', 5, 12, '', '', 3),
(1000, 372016511440, 'NOVIANTO', 5, 12, '', '', 3),
(1001, 372016511441, 'NUR CAHYA IMANING IRSYAD', 5, 12, '', '', 3),
(1002, 372016511442, 'NUR HUDA', 5, 12, '', '', 3),
(1003, 372016511443, 'PANGESTHU GUMELAR', 5, 12, '', '', 3),
(1004, 372016511444, 'PRATAMA DINUL KUSUMA', 5, 12, '', '', 3),
(1005, 372016511445, 'RACHMAD BAYU LAZUARDIN', 5, 12, '', '', 3),
(1006, 372016511447, 'RAHMAT HIDAYATULLAH', 5, 12, '', '', 3),
(1007, 372016511448, 'RAMADHAN NUR AJI PRATAMA', 5, 12, '', '', 3),
(1008, 372016511449, 'RD. ADITYAWARMAN', 5, 12, '', '', 3),
(1009, 372016511451, 'RENADI PRATAMA PASSAU', 5, 12, '', '', 3),
(1010, 372016511452, 'RENDY FIRMAN MAULANA', 5, 12, '', '', 3),
(1011, 372016511453, 'SABRI ULVIANDA', 5, 12, '', '', 3),
(1012, 372016511454, 'SALMAN AL FARISY', 5, 12, '', '', 3),
(1013, 372016511455, 'SYUBBANUL TAMAMI', 5, 12, '', '', 3),
(1014, 372016511456, 'TAUFIQ NUR RAHMAN', 5, 12, '', '', 3),
(1015, 372016511457, 'UBUSTIRAJ', 5, 12, '', '', 3),
(1016, 372016511458, 'WAWAN KUSWANDOKO', 5, 12, '', '', 3),
(1017, 372016511459, 'YUSUF ALAIDI', 5, 12, '', '', 3),
(1018, 372016511460, 'ZAIMAN A LUMBAN GAOL', 5, 12, '', '', 3),
(1019, 362015510920, 'ABDUL HARIS WIRADI', 5, 12, '', '', 5),
(1020, 362015510951, 'ABDUSSALAM ALWI MAJDI', 5, 12, '', '', 5),
(1021, 362015510933, 'ACHMAD YUDI RIANTO', 5, 12, '', '', 5),
(1022, 362015510915, 'AHDIAR FEBRI RAMADHAN', 5, 12, '', '', 5),
(1023, 362015510953, 'AHMAD MINA RUHUL AMIN', 5, 12, '', '', 5),
(1024, 362015510952, 'ARIF RAHMAN MAJID', 5, 12, '', '', 5),
(1025, 362015510925, 'AWALIL FIKRI', 5, 12, '', '', 5),
(1026, 362015510937, 'DWI PUTRO WIBOWO LAKSONO', 5, 12, '', '', 5),
(1027, 362015510923, 'DWIKI ZENITH RAMADHANI', 5, 12, '', '', 5),
(1028, 362015510917, 'EKA NURDIANSYAH YUSUF', 5, 12, '', '', 5),
(1029, 362015510943, 'FAISAL MUBARAQ', 5, 12, '', '', 5),
(1030, 362015510954, 'IHSAN ISKANDAR', 5, 12, '', '', 5),
(1031, 362015511071, 'M. ZAKI AULIA ', 5, 12, '', '', 5),
(1032, 362015511000, 'MAHDI', 5, 12, '', '', 5),
(1033, 362015510950, 'MOHAMAD ADYTIA', 5, 12, '', '', 5),
(1034, 362015510284, 'MUHAMMAD ATHO''UL GHUFRON', 5, 12, '', '', 5),
(1035, 362015510955, 'MUHAMMAD AFRIZAL', 5, 12, '', '', 5),
(1036, 362015510942, 'MUHAMMAD ARIF IKHSANUDIN', 5, 12, '', '', 5),
(1037, 362015510931, 'MUHAMMAD IFFA AL BAKHTU', 5, 12, '', '', 5),
(1038, 362015510918, 'MUHAMMAD RIFALDI ARIEF', 5, 12, '', '', 5),
(1039, 362015510929, 'MUHAMMAD SYAHREZA FAIRUZ', 5, 12, '', '', 5),
(1040, 362015510928, 'NUR SHAUMI AZIZA', 5, 12, '', '', 5),
(1041, 362015510927, 'RISKHY RAFLIYANSYAH', 5, 12, '', '', 5),
(1042, 362015510939, 'TANZILUM MURSALIN', 5, 12, '', '', 5),
(1043, 362015510935, 'TRI JUNICO CAHYADI', 5, 12, '', '', 5),
(1044, 362015510936, 'AHMAD ALIMUDDIN', 5, 12, '', '', 5),
(1045, 352014511063, 'ADI MUSTOFA', 5, 12, '', '', 7),
(1046, 352014510808, 'ADIB LUTFI', 5, 12, '', '', 7),
(1047, 352014510835, 'AHMAD TAMIN AL-MARWANI', 5, 12, '', '', 7),
(1048, 352014510781, 'ANDI ANDREANSYAH', 5, 12, '', '', 7),
(1049, 352014510782, 'AZWAR FADILLAH ZULHAM', 5, 12, '', '', 7),
(1050, 352014510789, 'BAGASKORO MUHAMMAD BAYU ARTO', 5, 12, '', '', 7),
(1051, 352014510785, 'DEDY DARMAWAN', 5, 12, '', '', 7),
(1052, 352014511082, 'ETSA BUYUNG SRIPUTRA', 5, 12, '', '', 7),
(1053, 352014510776, 'FANDI ARDIANSYAH', 5, 12, '', '', 7),
(1054, 352014510809, 'GANANG ADIKARYA MUHAMMAD', 5, 12, '', '', 7),
(1055, 352014511073, 'IKHALID RIZQY AL RAIHAN', 5, 12, '', '', 7),
(1056, 352014510788, 'ILHAM FIKRI', 5, 12, '', '', 7),
(1057, 352014510805, 'KHOIR MUHAMMAD NAJIB', 5, 12, '', '', 7),
(1058, 352014510476, 'M.IHDA AULIA', 5, 12, '', '', 7),
(1059, 352014510799, 'MAULANA LUQMAN FIRDAUS', 5, 12, '', '', 7),
(1060, 352014510796, 'MUHAMMAD ABDULLAH BAWAZIER', 5, 12, '', '', 7),
(1061, 352014510774, 'MUHAMMAD AKBAR RAHMADI', 5, 12, '', '', 7),
(1062, 352014510804, 'MUHAMMAD FAISAL FADHLURRAHMAN', 5, 12, '', '', 7),
(1063, 352014510786, 'MUHAMMAD IRFAN AL AMIN', 5, 12, '', '', 7),
(1064, 352014510098, 'MUHAMMAD IRFAN ROBANI', 5, 12, '', '', 7),
(1065, 352014510802, 'MUHAMMAD ULUL ALBAB', 5, 12, '', '', 7),
(1066, 352014510777, 'RACHMADHANA ALLIFA MAULANA', 5, 12, '', '', 7),
(1067, 352014510797, 'RAFSYANJANI MOHAMMAD', 5, 12, '', '', 7),
(1068, 352014510787, 'RAKATAMA AKBAR ARFIYAN', 5, 12, '', '', 7),
(1069, 352014510778, 'REZA ADAM', 5, 12, '', '', 7),
(1070, 352014510801, 'RIZAL ADLAN MUSTAFA', 5, 12, '', '', 7),
(1071, 352014510775, 'RIZQI CANDRA ADI NUGROHO', 5, 12, '', '', 7),
(1072, 352014510784, 'WAHYU PREMONO SUDEWO', 5, 12, '', '', 7),
(1073, 352014510792, 'YOGA ARIF KURNIAWAN', 5, 12, '', '', 7),
(1074, 372016521461, 'ABDURRAHMAN BAYHAQI', 5, 13, '', '', 3),
(1075, 372016521462, 'ADEN IKHLASUL ARIFIN', 5, 13, '', '', 3),
(1076, 372016521464, 'AHMAD FAUZI', 5, 13, '', '', 3),
(1077, 372016521467, 'ANDIKA IBRAHIM NASUTION', 5, 13, '', '', 3),
(1078, 372016521468, 'BAGOES ADY MAHARDHIKA', 5, 13, '', '', 3),
(1079, 372016521469, 'BUYUNG NUGRA ASKIYA''', 5, 13, '', '', 3),
(1080, 372016521470, 'DANDY RAMADHAN ADHYANSAH', 5, 13, '', '', 3),
(1081, 372016521471, 'FAHMI ZUHAD BIN ABDUL CHAMID', 5, 13, '', '', 3),
(1082, 372016521472, 'FARKHAN FAUZI RUSLAN', 5, 13, '', '', 3),
(1083, 372016521473, 'FRISKAL PABIAN ABDUL MALIK', 5, 13, '', '', 3),
(1084, 372016521474, 'FUAD BAHRUDIN', 5, 13, '', '', 3),
(1085, 372016521475, 'KHALID ABDULLAH SALMAN', 5, 13, '', '', 3),
(1086, 372016521476, 'M. ARDYANNUR FILSUF TASAUFI', 5, 13, '', '', 3),
(1087, 372016521477, 'M. BAYU ADI PRADANA', 5, 13, '', '', 3),
(1088, 372016521478, 'M. FACHRY IMANULLAH', 5, 13, '', '', 3),
(1089, 372016521479, 'MIFTAHUL HAQ', 5, 13, '', '', 3),
(1090, 372016521480, 'MUHAMMAD AKMAL RUSHDAN', 5, 13, '', '', 3),
(1091, 372016521481, 'MUHAMMAD ALTHOF FAUZY', 5, 13, '', '', 3),
(1092, 372016521482, 'MUHAMMAD ARYA PRATOMO', 5, 13, '', '', 3),
(1093, 372016521483, 'MUHAMMAD FATUR RAHMAN ASBAR', 5, 13, '', '', 3),
(1094, 372016521484, 'MUHAMMAD KHALIL RASYADI', 5, 13, '', '', 3),
(1095, 372016521485, 'MUHAMMAD RESQI', 5, 13, '', '', 3),
(1096, 372016521486, 'MUHAMMAD RIZKI ADITYA ISMA', 5, 13, '', '', 3),
(1097, 372016521488, 'MUZAKKY ABDILLAH', 5, 13, '', '', 3),
(1098, 372016521489, 'NANDA WAHYU NOERKAMAL', 5, 13, '', '', 3),
(1099, 372016521490, 'PUTRA PRATAMA IDRIS', 5, 13, '', '', 3),
(1100, 372016521491, 'RAFLI DWI ADI WIGUNA', 5, 13, '', '', 3),
(1101, 372016521492, 'RAHMATULLAH RASYID WINARKO', 5, 13, '', '', 3),
(1102, 372016521493, 'SULTHAN HELMIZAIN HERDIAZ PRAM', 5, 13, '', '', 3),
(1103, 372016521494, 'TEUKU IQBAL MUDA MAULANA', 5, 13, '', '', 3),
(1104, 372016521463, 'AGUNG WICAKSONO', 5, 13, '', '', 3),
(1105, 372016521487, 'MUNIR AMINUDDIN RAIS', 5, 13, '', '', 3),
(1106, 362015520991, 'ABDUL GHOFUR', 5, 13, '', '', 5),
(1107, 362015520916, 'FAHRIZA', 5, 13, '', '', 5),
(1108, 362015520990, 'FITRON AHADIN ZUHDY', 5, 13, '', '', 5),
(1109, 362015520966, 'GOLIB AHMADI', 5, 13, '', '', 5),
(1110, 362015520970, 'PRIANGGA ADI GAMA', 5, 13, '', '', 5),
(1111, 362015520967, 'RIFKI AULIA', 5, 13, '', '', 5),
(1112, 362015520969, 'RILO PAMBUDI', 5, 13, '', '', 5),
(1113, 362015520960, 'WILDAN MUFID ZUHRI', 5, 13, '', '', 5),
(1114, 362015520989, 'WILDAN SYAEFUL MUHARRAM', 5, 13, '', '', 5),
(1115, 352014520779, 'AHMAD FAHRUDIN', 5, 13, '', '', 7),
(1116, 352014520158, 'CHAIDIRRULLAH', 5, 13, '', '', 7),
(1117, 352014521054, 'MUHAMMAD FAJAR ARAFAT', 5, 13, '', '', 7),
(1118, 352014520815, 'MUHAMMAD SAUFI AFLIGA', 5, 13, '', '', 7),
(1119, 352014520424, 'NUR ROCHMAN SYAH', 5, 13, '', '', 7),
(1120, 352014520839, 'ZAIN MA''RUFFATAH', 5, 13, '', '', 7),
(1121, 352014520834, 'ZAINAL MARZUKI', 5, 13, '', '', 7);

-- --------------------------------------------------------

--
-- Table structure for table `tbuser`
--

CREATE TABLE IF NOT EXISTS `tbuser` (
  `id_user` int(3) NOT NULL AUTO_INCREMENT,
  `username` varchar(30) NOT NULL,
  `password` varchar(50) NOT NULL,
  `Email` varchar(100) NOT NULL,
  `nama_lengkap` varchar(30) NOT NULL,
  `level` varchar(10) NOT NULL,
  PRIMARY KEY (`id_user`)
) ENGINE=InnoDB  DEFAULT CHARSET=latin1 AUTO_INCREMENT=3 ;

--
-- Dumping data for table `tbuser`
--

INSERT INTO `tbuser` (`id_user`, `username`, `password`, `Email`, `nama_lengkap`, `level`) VALUES
(1, 'munifahsan', 'munifahsan', 'munfahsan.mb9', 'munifahsan1', 'admin'),
(2, 'ahsindigdaya', 'munifahsan', 'ahsin.digdaya@gmail.com', 'Ahsin fuadi karim', 'satpam');

/*!40101 SET CHARACTER_SET_CLIENT=@OLD_CHARACTER_SET_CLIENT */;
/*!40101 SET CHARACTER_SET_RESULTS=@OLD_CHARACTER_SET_RESULTS */;
/*!40101 SET COLLATION_CONNECTION=@OLD_COLLATION_CONNECTION */;
